-- phpMyAdmin SQL Dump
-- version 5.2.1
-- https://www.phpmyadmin.net/
--
-- Host: 127.0.0.1:3307
-- Generation Time: Sep 09, 2025 at 09:44 AM
-- Server version: 10.4.32-MariaDB
-- PHP Version: 8.2.12

SET SQL_MODE = "NO_AUTO_VALUE_ON_ZERO";
START TRANSACTION;
SET time_zone = "+00:00";


/*!40101 SET @OLD_CHARACTER_SET_CLIENT=@@CHARACTER_SET_CLIENT */;
/*!40101 SET @OLD_CHARACTER_SET_RESULTS=@@CHARACTER_SET_RESULTS */;
/*!40101 SET @OLD_COLLATION_CONNECTION=@@COLLATION_CONNECTION */;
/*!40101 SET NAMES utf8mb4 */;

--
-- Database: `ichoice_`
--

-- --------------------------------------------------------

--
-- Table structure for table `issue_items`
--

CREATE TABLE `issue_items` (
  `issue_id` int(11) NOT NULL,
  `product_id` int(11) NOT NULL,
  `receive_id` int(11) DEFAULT NULL,
  `issue_qty` int(11) NOT NULL,
  `sale_price` decimal(10,2) DEFAULT NULL,
  `issued_by` int(11) NOT NULL,
  `remark` text DEFAULT NULL,
  `created_at` datetime DEFAULT current_timestamp()
) ENGINE=InnoDB DEFAULT CHARSET=utf8mb4 COLLATE=utf8mb4_general_ci;

-- --------------------------------------------------------

--
-- Table structure for table `locations`
--

CREATE TABLE `locations` (
  `location_id` int(11) NOT NULL,
  `shelf` int(11) NOT NULL,
  `bin` int(11) NOT NULL,
  `row_code` varchar(10) DEFAULT NULL,
  `description` varchar(255) NOT NULL
) ENGINE=InnoDB DEFAULT CHARSET=utf8mb4 COLLATE=utf8mb4_general_ci;

--
-- Dumping data for table `locations`
--

INSERT INTO `locations` (`location_id`, `shelf`, `bin`, `row_code`, `description`) VALUES
(2731, 1, 1, 'A', 'แถว A ล็อค 1 ชั้น 1'),
(2732, 2, 1, 'A', 'แถว A ล็อค 1 ชั้น 2'),
(2733, 3, 1, 'A', 'แถว A ล็อค 1 ชั้น 3'),
(2734, 4, 1, 'A', 'แถว A ล็อค 1 ชั้น 4'),
(2735, 5, 1, 'A', 'แถว A ล็อค 1 ชั้น 5'),
(2736, 1, 2, 'A', 'แถว A ล็อค 2 ชั้น 1'),
(2737, 2, 2, 'A', 'แถว A ล็อค 2 ชั้น 2'),
(2738, 3, 2, 'A', 'แถว A ล็อค 2 ชั้น 3'),
(2739, 4, 2, 'A', 'แถว A ล็อค 2 ชั้น 4'),
(2740, 5, 2, 'A', 'แถว A ล็อค 2 ชั้น 5'),
(2741, 1, 3, 'A', 'แถว A ล็อค 3 ชั้น 1'),
(2742, 2, 3, 'A', 'แถว A ล็อค 3 ชั้น 2'),
(2743, 3, 3, 'A', 'แถว A ล็อค 3 ชั้น 3'),
(2744, 4, 3, 'A', 'แถว A ล็อค 3 ชั้น 4'),
(2745, 5, 3, 'A', 'แถว A ล็อค 3 ชั้น 5'),
(2746, 1, 4, 'A', 'แถว A ล็อค 4 ชั้น 1'),
(2747, 2, 4, 'A', 'แถว A ล็อค 4 ชั้น 2'),
(2748, 3, 4, 'A', 'แถว A ล็อค 4 ชั้น 3'),
(2749, 4, 4, 'A', 'แถว A ล็อค 4 ชั้น 4'),
(2750, 5, 4, 'A', 'แถว A ล็อค 4 ชั้น 5'),
(2751, 1, 5, 'A', 'แถว A ล็อค 5 ชั้น 1'),
(2752, 2, 5, 'A', 'แถว A ล็อค 5 ชั้น 2'),
(2753, 3, 5, 'A', 'แถว A ล็อค 5 ชั้น 3'),
(2754, 4, 5, 'A', 'แถว A ล็อค 5 ชั้น 4'),
(2755, 5, 5, 'A', 'แถว A ล็อค 5 ชั้น 5'),
(2756, 1, 6, 'A', 'แถว A ล็อค 6 ชั้น 1'),
(2757, 2, 6, 'A', 'แถว A ล็อค 6 ชั้น 2'),
(2758, 3, 6, 'A', 'แถว A ล็อค 6 ชั้น 3'),
(2759, 4, 6, 'A', 'แถว A ล็อค 6 ชั้น 4'),
(2760, 5, 6, 'A', 'แถว A ล็อค 6 ชั้น 5'),
(2761, 1, 7, 'A', 'แถว A ล็อค 7 ชั้น 1'),
(2762, 2, 7, 'A', 'แถว A ล็อค 7 ชั้น 2'),
(2763, 3, 7, 'A', 'แถว A ล็อค 7 ชั้น 3'),
(2764, 4, 7, 'A', 'แถว A ล็อค 7 ชั้น 4'),
(2765, 5, 7, 'A', 'แถว A ล็อค 7 ชั้น 5'),
(2766, 1, 1, 'B', 'แถว B ล็อค 1 ชั้น 1'),
(2767, 2, 1, 'B', 'แถว B ล็อค 1 ชั้น 2'),
(2768, 3, 1, 'B', 'แถว B ล็อค 1 ชั้น 3'),
(2769, 4, 1, 'B', 'แถว B ล็อค 1 ชั้น 4'),
(2770, 5, 1, 'B', 'แถว B ล็อค 1 ชั้น 5'),
(2771, 1, 2, 'B', 'แถว B ล็อค 2 ชั้น 1'),
(2772, 2, 2, 'B', 'แถว B ล็อค 2 ชั้น 2'),
(2773, 3, 2, 'B', 'แถว B ล็อค 2 ชั้น 3'),
(2774, 4, 2, 'B', 'แถว B ล็อค 2 ชั้น 4'),
(2775, 5, 2, 'B', 'แถว B ล็อค 2 ชั้น 5'),
(2776, 1, 3, 'B', 'แถว B ล็อค 3 ชั้น 1'),
(2777, 2, 3, 'B', 'แถว B ล็อค 3 ชั้น 2'),
(2778, 3, 3, 'B', 'แถว B ล็อค 3 ชั้น 3'),
(2779, 4, 3, 'B', 'แถว B ล็อค 3 ชั้น 4'),
(2780, 5, 3, 'B', 'แถว B ล็อค 3 ชั้น 5'),
(2781, 1, 4, 'B', 'แถว B ล็อค 4 ชั้น 1'),
(2782, 2, 4, 'B', 'แถว B ล็อค 4 ชั้น 2'),
(2783, 3, 4, 'B', 'แถว B ล็อค 4 ชั้น 3'),
(2784, 4, 4, 'B', 'แถว B ล็อค 4 ชั้น 4'),
(2785, 5, 4, 'B', 'แถว B ล็อค 4 ชั้น 5'),
(2786, 1, 5, 'B', 'แถว B ล็อค 5 ชั้น 1'),
(2787, 2, 5, 'B', 'แถว B ล็อค 5 ชั้น 2'),
(2788, 3, 5, 'B', 'แถว B ล็อค 5 ชั้น 3'),
(2789, 4, 5, 'B', 'แถว B ล็อค 5 ชั้น 4'),
(2790, 5, 5, 'B', 'แถว B ล็อค 5 ชั้น 5'),
(2791, 1, 6, 'B', 'แถว B ล็อค 6 ชั้น 1'),
(2792, 2, 6, 'B', 'แถว B ล็อค 6 ชั้น 2'),
(2793, 3, 6, 'B', 'แถว B ล็อค 6 ชั้น 3'),
(2794, 4, 6, 'B', 'แถว B ล็อค 6 ชั้น 4'),
(2795, 5, 6, 'B', 'แถว B ล็อค 6 ชั้น 5'),
(2796, 1, 7, 'B', 'แถว B ล็อค 7 ชั้น 1'),
(2797, 2, 7, 'B', 'แถว B ล็อค 7 ชั้น 2'),
(2798, 3, 7, 'B', 'แถว B ล็อค 7 ชั้น 3'),
(2799, 4, 7, 'B', 'แถว B ล็อค 7 ชั้น 4'),
(2800, 5, 7, 'B', 'แถว B ล็อค 7 ชั้น 5'),
(2801, 1, 1, 'C', 'แถว C ล็อค 1 ชั้น 1'),
(2802, 2, 1, 'C', 'แถว C ล็อค 1 ชั้น 2'),
(2803, 3, 1, 'C', 'แถว C ล็อค 1 ชั้น 3'),
(2804, 4, 1, 'C', 'แถว C ล็อค 1 ชั้น 4'),
(2805, 5, 1, 'C', 'แถว C ล็อค 1 ชั้น 5'),
(2806, 1, 2, 'C', 'แถว C ล็อค 2 ชั้น 1'),
(2807, 2, 2, 'C', 'แถว C ล็อค 2 ชั้น 2'),
(2808, 3, 2, 'C', 'แถว C ล็อค 2 ชั้น 3'),
(2809, 4, 2, 'C', 'แถว C ล็อค 2 ชั้น 4'),
(2810, 5, 2, 'C', 'แถว C ล็อค 2 ชั้น 5'),
(2811, 1, 3, 'C', 'แถว C ล็อค 3 ชั้น 1'),
(2812, 2, 3, 'C', 'แถว C ล็อค 3 ชั้น 2'),
(2813, 3, 3, 'C', 'แถว C ล็อค 3 ชั้น 3'),
(2814, 4, 3, 'C', 'แถว C ล็อค 3 ชั้น 4'),
(2815, 5, 3, 'C', 'แถว C ล็อค 3 ชั้น 5'),
(2816, 1, 4, 'C', 'แถว C ล็อค 4 ชั้น 1'),
(2817, 2, 4, 'C', 'แถว C ล็อค 4 ชั้น 2'),
(2818, 3, 4, 'C', 'แถว C ล็อค 4 ชั้น 3'),
(2819, 4, 4, 'C', 'แถว C ล็อค 4 ชั้น 4'),
(2820, 5, 4, 'C', 'แถว C ล็อค 4 ชั้น 5'),
(2821, 1, 5, 'C', 'แถว C ล็อค 5 ชั้น 1'),
(2822, 2, 5, 'C', 'แถว C ล็อค 5 ชั้น 2'),
(2823, 3, 5, 'C', 'แถว C ล็อค 5 ชั้น 3'),
(2824, 4, 5, 'C', 'แถว C ล็อค 5 ชั้น 4'),
(2825, 5, 5, 'C', 'แถว C ล็อค 5 ชั้น 5'),
(2826, 1, 6, 'C', 'แถว C ล็อค 6 ชั้น 1'),
(2827, 2, 6, 'C', 'แถว C ล็อค 6 ชั้น 2'),
(2828, 3, 6, 'C', 'แถว C ล็อค 6 ชั้น 3'),
(2829, 4, 6, 'C', 'แถว C ล็อค 6 ชั้น 4'),
(2830, 5, 6, 'C', 'แถว C ล็อค 6 ชั้น 5'),
(2831, 1, 7, 'C', 'แถว C ล็อค 7 ชั้น 1'),
(2832, 2, 7, 'C', 'แถว C ล็อค 7 ชั้น 2'),
(2833, 3, 7, 'C', 'แถว C ล็อค 7 ชั้น 3'),
(2834, 4, 7, 'C', 'แถว C ล็อค 7 ชั้น 4'),
(2835, 5, 7, 'C', 'แถว C ล็อค 7 ชั้น 5'),
(2836, 1, 1, 'D', 'แถว D ล็อค 1 ชั้น 1'),
(2837, 2, 1, 'D', 'แถว D ล็อค 1 ชั้น 2'),
(2838, 3, 1, 'D', 'แถว D ล็อค 1 ชั้น 3'),
(2839, 4, 1, 'D', 'แถว D ล็อค 1 ชั้น 4'),
(2840, 5, 1, 'D', 'แถว D ล็อค 1 ชั้น 5'),
(2841, 1, 2, 'D', 'แถว D ล็อค 2 ชั้น 1'),
(2842, 2, 2, 'D', 'แถว D ล็อค 2 ชั้น 2'),
(2843, 3, 2, 'D', 'แถว D ล็อค 2 ชั้น 3'),
(2844, 4, 2, 'D', 'แถว D ล็อค 2 ชั้น 4'),
(2845, 5, 2, 'D', 'แถว D ล็อค 2 ชั้น 5'),
(2846, 1, 3, 'D', 'แถว D ล็อค 3 ชั้น 1'),
(2847, 2, 3, 'D', 'แถว D ล็อค 3 ชั้น 2'),
(2848, 3, 3, 'D', 'แถว D ล็อค 3 ชั้น 3'),
(2849, 4, 3, 'D', 'แถว D ล็อค 3 ชั้น 4'),
(2850, 5, 3, 'D', 'แถว D ล็อค 3 ชั้น 5'),
(2851, 1, 4, 'D', 'แถว D ล็อค 4 ชั้น 1'),
(2852, 2, 4, 'D', 'แถว D ล็อค 4 ชั้น 2'),
(2853, 3, 4, 'D', 'แถว D ล็อค 4 ชั้น 3'),
(2854, 4, 4, 'D', 'แถว D ล็อค 4 ชั้น 4'),
(2855, 5, 4, 'D', 'แถว D ล็อค 4 ชั้น 5'),
(2856, 1, 5, 'D', 'แถว D ล็อค 5 ชั้น 1'),
(2857, 2, 5, 'D', 'แถว D ล็อค 5 ชั้น 2'),
(2858, 3, 5, 'D', 'แถว D ล็อค 5 ชั้น 3'),
(2859, 4, 5, 'D', 'แถว D ล็อค 5 ชั้น 4'),
(2860, 5, 5, 'D', 'แถว D ล็อค 5 ชั้น 5'),
(2861, 1, 6, 'D', 'แถว D ล็อค 6 ชั้น 1'),
(2862, 2, 6, 'D', 'แถว D ล็อค 6 ชั้น 2'),
(2863, 3, 6, 'D', 'แถว D ล็อค 6 ชั้น 3'),
(2864, 4, 6, 'D', 'แถว D ล็อค 6 ชั้น 4'),
(2865, 5, 6, 'D', 'แถว D ล็อค 6 ชั้น 5'),
(2866, 1, 7, 'D', 'แถว D ล็อค 7 ชั้น 1'),
(2867, 2, 7, 'D', 'แถว D ล็อค 7 ชั้น 2'),
(2868, 3, 7, 'D', 'แถว D ล็อค 7 ชั้น 3'),
(2869, 4, 7, 'D', 'แถว D ล็อค 7 ชั้น 4'),
(2870, 5, 7, 'D', 'แถว D ล็อค 7 ชั้น 5'),
(2871, 1, 1, 'E', 'แถว E ล็อค 1 ชั้น 1'),
(2872, 2, 1, 'E', 'แถว E ล็อค 1 ชั้น 2'),
(2873, 3, 1, 'E', 'แถว E ล็อค 1 ชั้น 3'),
(2874, 4, 1, 'E', 'แถว E ล็อค 1 ชั้น 4'),
(2875, 5, 1, 'E', 'แถว E ล็อค 1 ชั้น 5'),
(2876, 1, 2, 'E', 'แถว E ล็อค 2 ชั้น 1'),
(2877, 2, 2, 'E', 'แถว E ล็อค 2 ชั้น 2'),
(2878, 3, 2, 'E', 'แถว E ล็อค 2 ชั้น 3'),
(2879, 4, 2, 'E', 'แถว E ล็อค 2 ชั้น 4'),
(2880, 5, 2, 'E', 'แถว E ล็อค 2 ชั้น 5'),
(2881, 1, 3, 'E', 'แถว E ล็อค 3 ชั้น 1'),
(2882, 2, 3, 'E', 'แถว E ล็อค 3 ชั้น 2'),
(2883, 3, 3, 'E', 'แถว E ล็อค 3 ชั้น 3'),
(2884, 4, 3, 'E', 'แถว E ล็อค 3 ชั้น 4'),
(2885, 5, 3, 'E', 'แถว E ล็อค 3 ชั้น 5'),
(2886, 1, 4, 'E', 'แถว E ล็อค 4 ชั้น 1'),
(2887, 2, 4, 'E', 'แถว E ล็อค 4 ชั้น 2'),
(2888, 3, 4, 'E', 'แถว E ล็อค 4 ชั้น 3'),
(2889, 4, 4, 'E', 'แถว E ล็อค 4 ชั้น 4'),
(2890, 5, 4, 'E', 'แถว E ล็อค 4 ชั้น 5'),
(2891, 1, 5, 'E', 'แถว E ล็อค 5 ชั้น 1'),
(2892, 2, 5, 'E', 'แถว E ล็อค 5 ชั้น 2'),
(2893, 3, 5, 'E', 'แถว E ล็อค 5 ชั้น 3'),
(2894, 4, 5, 'E', 'แถว E ล็อค 5 ชั้น 4'),
(2895, 5, 5, 'E', 'แถว E ล็อค 5 ชั้น 5'),
(2896, 1, 6, 'E', 'แถว E ล็อค 6 ชั้น 1'),
(2897, 2, 6, 'E', 'แถว E ล็อค 6 ชั้น 2'),
(2898, 3, 6, 'E', 'แถว E ล็อค 6 ชั้น 3'),
(2899, 4, 6, 'E', 'แถว E ล็อค 6 ชั้น 4'),
(2900, 5, 6, 'E', 'แถว E ล็อค 6 ชั้น 5'),
(2901, 1, 7, 'E', 'แถว E ล็อค 7 ชั้น 1'),
(2902, 2, 7, 'E', 'แถว E ล็อค 7 ชั้น 2'),
(2903, 3, 7, 'E', 'แถว E ล็อค 7 ชั้น 3'),
(2904, 4, 7, 'E', 'แถว E ล็อค 7 ชั้น 4'),
(2905, 5, 7, 'E', 'แถว E ล็อค 7 ชั้น 5'),
(2906, 1, 1, 'F', 'แถว F ล็อค 1 ชั้น 1'),
(2907, 2, 1, 'F', 'แถว F ล็อค 1 ชั้น 2'),
(2908, 3, 1, 'F', 'แถว F ล็อค 1 ชั้น 3'),
(2909, 4, 1, 'F', 'แถว F ล็อค 1 ชั้น 4'),
(2910, 5, 1, 'F', 'แถว F ล็อค 1 ชั้น 5'),
(2911, 1, 2, 'F', 'แถว F ล็อค 2 ชั้น 1'),
(2912, 2, 2, 'F', 'แถว F ล็อค 2 ชั้น 2'),
(2913, 3, 2, 'F', 'แถว F ล็อค 2 ชั้น 3'),
(2914, 4, 2, 'F', 'แถว F ล็อค 2 ชั้น 4'),
(2915, 5, 2, 'F', 'แถว F ล็อค 2 ชั้น 5'),
(2916, 1, 3, 'F', 'แถว F ล็อค 3 ชั้น 1'),
(2917, 2, 3, 'F', 'แถว F ล็อค 3 ชั้น 2'),
(2918, 3, 3, 'F', 'แถว F ล็อค 3 ชั้น 3'),
(2919, 4, 3, 'F', 'แถว F ล็อค 3 ชั้น 4'),
(2920, 5, 3, 'F', 'แถว F ล็อค 3 ชั้น 5'),
(2921, 1, 4, 'F', 'แถว F ล็อค 4 ชั้น 1'),
(2922, 2, 4, 'F', 'แถว F ล็อค 4 ชั้น 2'),
(2923, 3, 4, 'F', 'แถว F ล็อค 4 ชั้น 3'),
(2924, 4, 4, 'F', 'แถว F ล็อค 4 ชั้น 4'),
(2925, 5, 4, 'F', 'แถว F ล็อค 4 ชั้น 5'),
(2926, 1, 5, 'F', 'แถว F ล็อค 5 ชั้น 1'),
(2927, 2, 5, 'F', 'แถว F ล็อค 5 ชั้น 2'),
(2928, 3, 5, 'F', 'แถว F ล็อค 5 ชั้น 3'),
(2929, 4, 5, 'F', 'แถว F ล็อค 5 ชั้น 4'),
(2930, 5, 5, 'F', 'แถว F ล็อค 5 ชั้น 5'),
(2931, 1, 6, 'F', 'แถว F ล็อค 6 ชั้น 1'),
(2932, 2, 6, 'F', 'แถว F ล็อค 6 ชั้น 2'),
(2933, 3, 6, 'F', 'แถว F ล็อค 6 ชั้น 3'),
(2934, 4, 6, 'F', 'แถว F ล็อค 6 ชั้น 4'),
(2935, 5, 6, 'F', 'แถว F ล็อค 6 ชั้น 5'),
(2936, 1, 7, 'F', 'แถว F ล็อค 7 ชั้น 1'),
(2937, 2, 7, 'F', 'แถว F ล็อค 7 ชั้น 2'),
(2938, 3, 7, 'F', 'แถว F ล็อค 7 ชั้น 3'),
(2939, 4, 7, 'F', 'แถว F ล็อค 7 ชั้น 4'),
(2940, 5, 7, 'F', 'แถว F ล็อค 7 ชั้น 5'),
(2941, 1, 1, 'G', 'แถว G ล็อค 1 ชั้น 1'),
(2942, 2, 1, 'G', 'แถว G ล็อค 1 ชั้น 2'),
(2943, 3, 1, 'G', 'แถว G ล็อค 1 ชั้น 3'),
(2944, 4, 1, 'G', 'แถว G ล็อค 1 ชั้น 4'),
(2945, 5, 1, 'G', 'แถว G ล็อค 1 ชั้น 5'),
(2946, 1, 2, 'G', 'แถว G ล็อค 2 ชั้น 1'),
(2947, 2, 2, 'G', 'แถว G ล็อค 2 ชั้น 2'),
(2948, 3, 2, 'G', 'แถว G ล็อค 2 ชั้น 3'),
(2949, 4, 2, 'G', 'แถว G ล็อค 2 ชั้น 4'),
(2950, 5, 2, 'G', 'แถว G ล็อค 2 ชั้น 5'),
(2951, 1, 3, 'G', 'แถว G ล็อค 3 ชั้น 1'),
(2952, 2, 3, 'G', 'แถว G ล็อค 3 ชั้น 2'),
(2953, 3, 3, 'G', 'แถว G ล็อค 3 ชั้น 3'),
(2954, 4, 3, 'G', 'แถว G ล็อค 3 ชั้น 4'),
(2955, 5, 3, 'G', 'แถว G ล็อค 3 ชั้น 5'),
(2956, 1, 4, 'G', 'แถว G ล็อค 4 ชั้น 1'),
(2957, 2, 4, 'G', 'แถว G ล็อค 4 ชั้น 2'),
(2958, 3, 4, 'G', 'แถว G ล็อค 4 ชั้น 3'),
(2959, 4, 4, 'G', 'แถว G ล็อค 4 ชั้น 4'),
(2960, 5, 4, 'G', 'แถว G ล็อค 4 ชั้น 5'),
(2961, 1, 5, 'G', 'แถว G ล็อค 5 ชั้น 1'),
(2962, 2, 5, 'G', 'แถว G ล็อค 5 ชั้น 2'),
(2963, 3, 5, 'G', 'แถว G ล็อค 5 ชั้น 3'),
(2964, 4, 5, 'G', 'แถว G ล็อค 5 ชั้น 4'),
(2965, 5, 5, 'G', 'แถว G ล็อค 5 ชั้น 5'),
(2966, 1, 6, 'G', 'แถว G ล็อค 6 ชั้น 1'),
(2967, 2, 6, 'G', 'แถว G ล็อค 6 ชั้น 2'),
(2968, 3, 6, 'G', 'แถว G ล็อค 6 ชั้น 3'),
(2969, 4, 6, 'G', 'แถว G ล็อค 6 ชั้น 4'),
(2970, 5, 6, 'G', 'แถว G ล็อค 6 ชั้น 5'),
(2971, 1, 7, 'G', 'แถว G ล็อค 7 ชั้น 1'),
(2972, 2, 7, 'G', 'แถว G ล็อค 7 ชั้น 2'),
(2973, 3, 7, 'G', 'แถว G ล็อค 7 ชั้น 3'),
(2974, 4, 7, 'G', 'แถว G ล็อค 7 ชั้น 4'),
(2975, 5, 7, 'G', 'แถว G ล็อค 7 ชั้น 5'),
(2976, 1, 1, 'H', 'แถว H ล็อค 1 ชั้น 1'),
(2977, 2, 1, 'H', 'แถว H ล็อค 1 ชั้น 2'),
(2978, 3, 1, 'H', 'แถว H ล็อค 1 ชั้น 3'),
(2979, 4, 1, 'H', 'แถว H ล็อค 1 ชั้น 4'),
(2980, 5, 1, 'H', 'แถว H ล็อค 1 ชั้น 5'),
(2981, 1, 2, 'H', 'แถว H ล็อค 2 ชั้น 1'),
(2982, 2, 2, 'H', 'แถว H ล็อค 2 ชั้น 2'),
(2983, 3, 2, 'H', 'แถว H ล็อค 2 ชั้น 3'),
(2984, 4, 2, 'H', 'แถว H ล็อค 2 ชั้น 4'),
(2985, 5, 2, 'H', 'แถว H ล็อค 2 ชั้น 5'),
(2986, 1, 3, 'H', 'แถว H ล็อค 3 ชั้น 1'),
(2987, 2, 3, 'H', 'แถว H ล็อค 3 ชั้น 2'),
(2988, 3, 3, 'H', 'แถว H ล็อค 3 ชั้น 3'),
(2989, 4, 3, 'H', 'แถว H ล็อค 3 ชั้น 4'),
(2990, 5, 3, 'H', 'แถว H ล็อค 3 ชั้น 5'),
(2991, 1, 4, 'H', 'แถว H ล็อค 4 ชั้น 1'),
(2992, 2, 4, 'H', 'แถว H ล็อค 4 ชั้น 2'),
(2993, 3, 4, 'H', 'แถว H ล็อค 4 ชั้น 3'),
(2994, 4, 4, 'H', 'แถว H ล็อค 4 ชั้น 4'),
(2995, 5, 4, 'H', 'แถว H ล็อค 4 ชั้น 5'),
(2996, 1, 5, 'H', 'แถว H ล็อค 5 ชั้น 1'),
(2997, 2, 5, 'H', 'แถว H ล็อค 5 ชั้น 2'),
(2998, 3, 5, 'H', 'แถว H ล็อค 5 ชั้น 3'),
(2999, 4, 5, 'H', 'แถว H ล็อค 5 ชั้น 4'),
(3000, 5, 5, 'H', 'แถว H ล็อค 5 ชั้น 5'),
(3001, 1, 6, 'H', 'แถว H ล็อค 6 ชั้น 1'),
(3002, 2, 6, 'H', 'แถว H ล็อค 6 ชั้น 2'),
(3003, 3, 6, 'H', 'แถว H ล็อค 6 ชั้น 3'),
(3004, 4, 6, 'H', 'แถว H ล็อค 6 ชั้น 4'),
(3005, 5, 6, 'H', 'แถว H ล็อค 6 ชั้น 5'),
(3006, 1, 7, 'H', 'แถว H ล็อค 7 ชั้น 1'),
(3007, 2, 7, 'H', 'แถว H ล็อค 7 ชั้น 2'),
(3008, 3, 7, 'H', 'แถว H ล็อค 7 ชั้น 3'),
(3009, 4, 7, 'H', 'แถว H ล็อค 7 ชั้น 4'),
(3010, 5, 7, 'H', 'แถว H ล็อค 7 ชั้น 5'),
(3011, 1, 1, 'I', 'แถว I ล็อค 1 ชั้น 1'),
(3012, 2, 1, 'I', 'แถว I ล็อค 1 ชั้น 2'),
(3013, 3, 1, 'I', 'แถว I ล็อค 1 ชั้น 3'),
(3014, 4, 1, 'I', 'แถว I ล็อค 1 ชั้น 4'),
(3015, 5, 1, 'I', 'แถว I ล็อค 1 ชั้น 5'),
(3016, 1, 2, 'I', 'แถว I ล็อค 2 ชั้น 1'),
(3017, 2, 2, 'I', 'แถว I ล็อค 2 ชั้น 2'),
(3018, 3, 2, 'I', 'แถว I ล็อค 2 ชั้น 3'),
(3019, 4, 2, 'I', 'แถว I ล็อค 2 ชั้น 4'),
(3020, 5, 2, 'I', 'แถว I ล็อค 2 ชั้น 5'),
(3021, 1, 3, 'I', 'แถว I ล็อค 3 ชั้น 1'),
(3022, 2, 3, 'I', 'แถว I ล็อค 3 ชั้น 2'),
(3023, 3, 3, 'I', 'แถว I ล็อค 3 ชั้น 3'),
(3024, 4, 3, 'I', 'แถว I ล็อค 3 ชั้น 4'),
(3025, 5, 3, 'I', 'แถว I ล็อค 3 ชั้น 5'),
(3026, 1, 4, 'I', 'แถว I ล็อค 4 ชั้น 1'),
(3027, 2, 4, 'I', 'แถว I ล็อค 4 ชั้น 2'),
(3028, 3, 4, 'I', 'แถว I ล็อค 4 ชั้น 3'),
(3029, 4, 4, 'I', 'แถว I ล็อค 4 ชั้น 4'),
(3030, 5, 4, 'I', 'แถว I ล็อค 4 ชั้น 5'),
(3031, 1, 5, 'I', 'แถว I ล็อค 5 ชั้น 1'),
(3032, 2, 5, 'I', 'แถว I ล็อค 5 ชั้น 2'),
(3033, 3, 5, 'I', 'แถว I ล็อค 5 ชั้น 3'),
(3034, 4, 5, 'I', 'แถว I ล็อค 5 ชั้น 4'),
(3035, 5, 5, 'I', 'แถว I ล็อค 5 ชั้น 5'),
(3036, 1, 6, 'I', 'แถว I ล็อค 6 ชั้น 1'),
(3037, 2, 6, 'I', 'แถว I ล็อค 6 ชั้น 2'),
(3038, 3, 6, 'I', 'แถว I ล็อค 6 ชั้น 3'),
(3039, 4, 6, 'I', 'แถว I ล็อค 6 ชั้น 4'),
(3040, 5, 6, 'I', 'แถว I ล็อค 6 ชั้น 5'),
(3041, 1, 7, 'I', 'แถว I ล็อค 7 ชั้น 1'),
(3042, 2, 7, 'I', 'แถว I ล็อค 7 ชั้น 2'),
(3043, 3, 7, 'I', 'แถว I ล็อค 7 ชั้น 3'),
(3044, 4, 7, 'I', 'แถว I ล็อค 7 ชั้น 4'),
(3045, 5, 7, 'I', 'แถว I ล็อค 7 ชั้น 5'),
(3046, 1, 1, 'J', 'แถว J ล็อค 1 ชั้น 1'),
(3047, 2, 1, 'J', 'แถว J ล็อค 1 ชั้น 2'),
(3048, 3, 1, 'J', 'แถว J ล็อค 1 ชั้น 3'),
(3049, 4, 1, 'J', 'แถว J ล็อค 1 ชั้น 4'),
(3050, 5, 1, 'J', 'แถว J ล็อค 1 ชั้น 5'),
(3051, 1, 2, 'J', 'แถว J ล็อค 2 ชั้น 1'),
(3052, 2, 2, 'J', 'แถว J ล็อค 2 ชั้น 2'),
(3053, 3, 2, 'J', 'แถว J ล็อค 2 ชั้น 3'),
(3054, 4, 2, 'J', 'แถว J ล็อค 2 ชั้น 4'),
(3055, 5, 2, 'J', 'แถว J ล็อค 2 ชั้น 5'),
(3056, 1, 3, 'J', 'แถว J ล็อค 3 ชั้น 1'),
(3057, 2, 3, 'J', 'แถว J ล็อค 3 ชั้น 2'),
(3058, 3, 3, 'J', 'แถว J ล็อค 3 ชั้น 3'),
(3059, 4, 3, 'J', 'แถว J ล็อค 3 ชั้น 4'),
(3060, 5, 3, 'J', 'แถว J ล็อค 3 ชั้น 5'),
(3061, 1, 4, 'J', 'แถว J ล็อค 4 ชั้น 1'),
(3062, 2, 4, 'J', 'แถว J ล็อค 4 ชั้น 2'),
(3063, 3, 4, 'J', 'แถว J ล็อค 4 ชั้น 3'),
(3064, 4, 4, 'J', 'แถว J ล็อค 4 ชั้น 4'),
(3065, 5, 4, 'J', 'แถว J ล็อค 4 ชั้น 5'),
(3066, 1, 5, 'J', 'แถว J ล็อค 5 ชั้น 1'),
(3067, 2, 5, 'J', 'แถว J ล็อค 5 ชั้น 2'),
(3068, 3, 5, 'J', 'แถว J ล็อค 5 ชั้น 3'),
(3069, 4, 5, 'J', 'แถว J ล็อค 5 ชั้น 4'),
(3070, 5, 5, 'J', 'แถว J ล็อค 5 ชั้น 5'),
(3071, 1, 6, 'J', 'แถว J ล็อค 6 ชั้น 1'),
(3072, 2, 6, 'J', 'แถว J ล็อค 6 ชั้น 2'),
(3073, 3, 6, 'J', 'แถว J ล็อค 6 ชั้น 3'),
(3074, 4, 6, 'J', 'แถว J ล็อค 6 ชั้น 4'),
(3075, 5, 6, 'J', 'แถว J ล็อค 6 ชั้น 5'),
(3076, 1, 7, 'J', 'แถว J ล็อค 7 ชั้น 1'),
(3077, 2, 7, 'J', 'แถว J ล็อค 7 ชั้น 2'),
(3078, 3, 7, 'J', 'แถว J ล็อค 7 ชั้น 3'),
(3079, 4, 7, 'J', 'แถว J ล็อค 7 ชั้น 4'),
(3080, 5, 7, 'J', 'แถว J ล็อค 7 ชั้น 5'),
(3081, 1, 1, 'K', 'แถว K ล็อค 1 ชั้น 1'),
(3082, 2, 1, 'K', 'แถว K ล็อค 1 ชั้น 2'),
(3083, 3, 1, 'K', 'แถว K ล็อค 1 ชั้น 3'),
(3084, 4, 1, 'K', 'แถว K ล็อค 1 ชั้น 4'),
(3085, 5, 1, 'K', 'แถว K ล็อค 1 ชั้น 5'),
(3086, 1, 2, 'K', 'แถว K ล็อค 2 ชั้น 1'),
(3087, 2, 2, 'K', 'แถว K ล็อค 2 ชั้น 2'),
(3088, 3, 2, 'K', 'แถว K ล็อค 2 ชั้น 3'),
(3089, 4, 2, 'K', 'แถว K ล็อค 2 ชั้น 4'),
(3090, 5, 2, 'K', 'แถว K ล็อค 2 ชั้น 5'),
(3091, 1, 3, 'K', 'แถว K ล็อค 3 ชั้น 1'),
(3092, 2, 3, 'K', 'แถว K ล็อค 3 ชั้น 2'),
(3093, 3, 3, 'K', 'แถว K ล็อค 3 ชั้น 3'),
(3094, 4, 3, 'K', 'แถว K ล็อค 3 ชั้น 4'),
(3095, 5, 3, 'K', 'แถว K ล็อค 3 ชั้น 5'),
(3096, 1, 4, 'K', 'แถว K ล็อค 4 ชั้น 1'),
(3097, 2, 4, 'K', 'แถว K ล็อค 4 ชั้น 2'),
(3098, 3, 4, 'K', 'แถว K ล็อค 4 ชั้น 3'),
(3099, 4, 4, 'K', 'แถว K ล็อค 4 ชั้น 4'),
(3100, 5, 4, 'K', 'แถว K ล็อค 4 ชั้น 5'),
(3101, 1, 5, 'K', 'แถว K ล็อค 5 ชั้น 1'),
(3102, 2, 5, 'K', 'แถว K ล็อค 5 ชั้น 2'),
(3103, 3, 5, 'K', 'แถว K ล็อค 5 ชั้น 3'),
(3104, 4, 5, 'K', 'แถว K ล็อค 5 ชั้น 4'),
(3105, 5, 5, 'K', 'แถว K ล็อค 5 ชั้น 5'),
(3106, 1, 6, 'K', 'แถว K ล็อค 6 ชั้น 1'),
(3107, 2, 6, 'K', 'แถว K ล็อค 6 ชั้น 2'),
(3108, 3, 6, 'K', 'แถว K ล็อค 6 ชั้น 3'),
(3109, 4, 6, 'K', 'แถว K ล็อค 6 ชั้น 4'),
(3110, 5, 6, 'K', 'แถว K ล็อค 6 ชั้น 5'),
(3111, 1, 7, 'K', 'แถว K ล็อค 7 ชั้น 1'),
(3112, 2, 7, 'K', 'แถว K ล็อค 7 ชั้น 2'),
(3113, 3, 7, 'K', 'แถว K ล็อค 7 ชั้น 3'),
(3114, 4, 7, 'K', 'แถว K ล็อค 7 ชั้น 4'),
(3115, 5, 7, 'K', 'แถว K ล็อค 7 ชั้น 5'),
(3116, 1, 1, 'L', 'แถว L ล็อค 1 ชั้น 1'),
(3117, 2, 1, 'L', 'แถว L ล็อค 1 ชั้น 2'),
(3118, 3, 1, 'L', 'แถว L ล็อค 1 ชั้น 3'),
(3119, 4, 1, 'L', 'แถว L ล็อค 1 ชั้น 4'),
(3120, 5, 1, 'L', 'แถว L ล็อค 1 ชั้น 5'),
(3121, 1, 2, 'L', 'แถว L ล็อค 2 ชั้น 1'),
(3122, 2, 2, 'L', 'แถว L ล็อค 2 ชั้น 2'),
(3123, 3, 2, 'L', 'แถว L ล็อค 2 ชั้น 3'),
(3124, 4, 2, 'L', 'แถว L ล็อค 2 ชั้น 4'),
(3125, 5, 2, 'L', 'แถว L ล็อค 2 ชั้น 5'),
(3126, 1, 3, 'L', 'แถว L ล็อค 3 ชั้น 1'),
(3127, 2, 3, 'L', 'แถว L ล็อค 3 ชั้น 2'),
(3128, 3, 3, 'L', 'แถว L ล็อค 3 ชั้น 3'),
(3129, 4, 3, 'L', 'แถว L ล็อค 3 ชั้น 4'),
(3130, 5, 3, 'L', 'แถว L ล็อค 3 ชั้น 5'),
(3131, 1, 4, 'L', 'แถว L ล็อค 4 ชั้น 1'),
(3132, 2, 4, 'L', 'แถว L ล็อค 4 ชั้น 2'),
(3133, 3, 4, 'L', 'แถว L ล็อค 4 ชั้น 3'),
(3134, 4, 4, 'L', 'แถว L ล็อค 4 ชั้น 4'),
(3135, 5, 4, 'L', 'แถว L ล็อค 4 ชั้น 5'),
(3136, 1, 5, 'L', 'แถว L ล็อค 5 ชั้น 1'),
(3137, 2, 5, 'L', 'แถว L ล็อค 5 ชั้น 2'),
(3138, 3, 5, 'L', 'แถว L ล็อค 5 ชั้น 3'),
(3139, 4, 5, 'L', 'แถว L ล็อค 5 ชั้น 4'),
(3140, 5, 5, 'L', 'แถว L ล็อค 5 ชั้น 5'),
(3141, 1, 6, 'L', 'แถว L ล็อค 6 ชั้น 1'),
(3142, 2, 6, 'L', 'แถว L ล็อค 6 ชั้น 2'),
(3143, 3, 6, 'L', 'แถว L ล็อค 6 ชั้น 3'),
(3144, 4, 6, 'L', 'แถว L ล็อค 6 ชั้น 4'),
(3145, 5, 6, 'L', 'แถว L ล็อค 6 ชั้น 5'),
(3146, 1, 7, 'L', 'แถว L ล็อค 7 ชั้น 1'),
(3147, 2, 7, 'L', 'แถว L ล็อค 7 ชั้น 2'),
(3148, 3, 7, 'L', 'แถว L ล็อค 7 ชั้น 3'),
(3149, 4, 7, 'L', 'แถว L ล็อค 7 ชั้น 4'),
(3150, 5, 7, 'L', 'แถว L ล็อค 7 ชั้น 5'),
(3151, 1, 1, 'M', 'แถว M ล็อค 1 ชั้น 1'),
(3152, 2, 1, 'M', 'แถว M ล็อค 1 ชั้น 2'),
(3153, 3, 1, 'M', 'แถว M ล็อค 1 ชั้น 3'),
(3154, 4, 1, 'M', 'แถว M ล็อค 1 ชั้น 4'),
(3155, 5, 1, 'M', 'แถว M ล็อค 1 ชั้น 5'),
(3156, 1, 2, 'M', 'แถว M ล็อค 2 ชั้น 1'),
(3157, 2, 2, 'M', 'แถว M ล็อค 2 ชั้น 2'),
(3158, 3, 2, 'M', 'แถว M ล็อค 2 ชั้น 3'),
(3159, 4, 2, 'M', 'แถว M ล็อค 2 ชั้น 4'),
(3160, 5, 2, 'M', 'แถว M ล็อค 2 ชั้น 5'),
(3161, 1, 3, 'M', 'แถว M ล็อค 3 ชั้น 1'),
(3162, 2, 3, 'M', 'แถว M ล็อค 3 ชั้น 2'),
(3163, 3, 3, 'M', 'แถว M ล็อค 3 ชั้น 3'),
(3164, 4, 3, 'M', 'แถว M ล็อค 3 ชั้น 4'),
(3165, 5, 3, 'M', 'แถว M ล็อค 3 ชั้น 5'),
(3166, 1, 4, 'M', 'แถว M ล็อค 4 ชั้น 1'),
(3167, 2, 4, 'M', 'แถว M ล็อค 4 ชั้น 2'),
(3168, 3, 4, 'M', 'แถว M ล็อค 4 ชั้น 3'),
(3169, 4, 4, 'M', 'แถว M ล็อค 4 ชั้น 4'),
(3170, 5, 4, 'M', 'แถว M ล็อค 4 ชั้น 5'),
(3171, 1, 5, 'M', 'แถว M ล็อค 5 ชั้น 1'),
(3172, 2, 5, 'M', 'แถว M ล็อค 5 ชั้น 2'),
(3173, 3, 5, 'M', 'แถว M ล็อค 5 ชั้น 3'),
(3174, 4, 5, 'M', 'แถว M ล็อค 5 ชั้น 4'),
(3175, 5, 5, 'M', 'แถว M ล็อค 5 ชั้น 5'),
(3176, 1, 6, 'M', 'แถว M ล็อค 6 ชั้น 1'),
(3177, 2, 6, 'M', 'แถว M ล็อค 6 ชั้น 2'),
(3178, 3, 6, 'M', 'แถว M ล็อค 6 ชั้น 3'),
(3179, 4, 6, 'M', 'แถว M ล็อค 6 ชั้น 4'),
(3180, 5, 6, 'M', 'แถว M ล็อค 6 ชั้น 5'),
(3181, 1, 7, 'M', 'แถว M ล็อค 7 ชั้น 1'),
(3182, 2, 7, 'M', 'แถว M ล็อค 7 ชั้น 2'),
(3183, 3, 7, 'M', 'แถว M ล็อค 7 ชั้น 3'),
(3184, 4, 7, 'M', 'แถว M ล็อค 7 ชั้น 4'),
(3185, 5, 7, 'M', 'แถว M ล็อค 7 ชั้น 5'),
(3186, 1, 1, 'N', 'แถว N ล็อค 1 ชั้น 1'),
(3187, 2, 1, 'N', 'แถว N ล็อค 1 ชั้น 2'),
(3188, 3, 1, 'N', 'แถว N ล็อค 1 ชั้น 3'),
(3189, 4, 1, 'N', 'แถว N ล็อค 1 ชั้น 4'),
(3190, 5, 1, 'N', 'แถว N ล็อค 1 ชั้น 5'),
(3191, 1, 2, 'N', 'แถว N ล็อค 2 ชั้น 1'),
(3192, 2, 2, 'N', 'แถว N ล็อค 2 ชั้น 2'),
(3193, 3, 2, 'N', 'แถว N ล็อค 2 ชั้น 3'),
(3194, 4, 2, 'N', 'แถว N ล็อค 2 ชั้น 4'),
(3195, 5, 2, 'N', 'แถว N ล็อค 2 ชั้น 5'),
(3196, 1, 3, 'N', 'แถว N ล็อค 3 ชั้น 1'),
(3197, 2, 3, 'N', 'แถว N ล็อค 3 ชั้น 2'),
(3198, 3, 3, 'N', 'แถว N ล็อค 3 ชั้น 3'),
(3199, 4, 3, 'N', 'แถว N ล็อค 3 ชั้น 4'),
(3200, 5, 3, 'N', 'แถว N ล็อค 3 ชั้น 5'),
(3201, 1, 4, 'N', 'แถว N ล็อค 4 ชั้น 1'),
(3202, 2, 4, 'N', 'แถว N ล็อค 4 ชั้น 2'),
(3203, 3, 4, 'N', 'แถว N ล็อค 4 ชั้น 3'),
(3204, 4, 4, 'N', 'แถว N ล็อค 4 ชั้น 4'),
(3205, 5, 4, 'N', 'แถว N ล็อค 4 ชั้น 5'),
(3206, 1, 5, 'N', 'แถว N ล็อค 5 ชั้น 1'),
(3207, 2, 5, 'N', 'แถว N ล็อค 5 ชั้น 2'),
(3208, 3, 5, 'N', 'แถว N ล็อค 5 ชั้น 3'),
(3209, 4, 5, 'N', 'แถว N ล็อค 5 ชั้น 4'),
(3210, 5, 5, 'N', 'แถว N ล็อค 5 ชั้น 5'),
(3211, 1, 6, 'N', 'แถว N ล็อค 6 ชั้น 1'),
(3212, 2, 6, 'N', 'แถว N ล็อค 6 ชั้น 2'),
(3213, 3, 6, 'N', 'แถว N ล็อค 6 ชั้น 3'),
(3214, 4, 6, 'N', 'แถว N ล็อค 6 ชั้น 4'),
(3215, 5, 6, 'N', 'แถว N ล็อค 6 ชั้น 5'),
(3216, 1, 7, 'N', 'แถว N ล็อค 7 ชั้น 1'),
(3217, 2, 7, 'N', 'แถว N ล็อค 7 ชั้น 2'),
(3218, 3, 7, 'N', 'แถว N ล็อค 7 ชั้น 3'),
(3219, 4, 7, 'N', 'แถว N ล็อค 7 ชั้น 4'),
(3220, 5, 7, 'N', 'แถว N ล็อค 7 ชั้น 5'),
(3221, 1, 1, 'O', 'แถว O ล็อค 1 ชั้น 1'),
(3222, 2, 1, 'O', 'แถว O ล็อค 1 ชั้น 2'),
(3223, 3, 1, 'O', 'แถว O ล็อค 1 ชั้น 3'),
(3224, 4, 1, 'O', 'แถว O ล็อค 1 ชั้น 4'),
(3225, 5, 1, 'O', 'แถว O ล็อค 1 ชั้น 5'),
(3226, 1, 2, 'O', 'แถว O ล็อค 2 ชั้น 1'),
(3227, 2, 2, 'O', 'แถว O ล็อค 2 ชั้น 2'),
(3228, 3, 2, 'O', 'แถว O ล็อค 2 ชั้น 3'),
(3229, 4, 2, 'O', 'แถว O ล็อค 2 ชั้น 4'),
(3230, 5, 2, 'O', 'แถว O ล็อค 2 ชั้น 5'),
(3231, 1, 3, 'O', 'แถว O ล็อค 3 ชั้น 1'),
(3232, 2, 3, 'O', 'แถว O ล็อค 3 ชั้น 2'),
(3233, 3, 3, 'O', 'แถว O ล็อค 3 ชั้น 3'),
(3234, 4, 3, 'O', 'แถว O ล็อค 3 ชั้น 4'),
(3235, 5, 3, 'O', 'แถว O ล็อค 3 ชั้น 5'),
(3236, 1, 4, 'O', 'แถว O ล็อค 4 ชั้น 1'),
(3237, 2, 4, 'O', 'แถว O ล็อค 4 ชั้น 2'),
(3238, 3, 4, 'O', 'แถว O ล็อค 4 ชั้น 3'),
(3239, 4, 4, 'O', 'แถว O ล็อค 4 ชั้น 4'),
(3240, 5, 4, 'O', 'แถว O ล็อค 4 ชั้น 5'),
(3241, 1, 5, 'O', 'แถว O ล็อค 5 ชั้น 1'),
(3242, 2, 5, 'O', 'แถว O ล็อค 5 ชั้น 2'),
(3243, 3, 5, 'O', 'แถว O ล็อค 5 ชั้น 3'),
(3244, 4, 5, 'O', 'แถว O ล็อค 5 ชั้น 4'),
(3245, 5, 5, 'O', 'แถว O ล็อค 5 ชั้น 5'),
(3246, 1, 6, 'O', 'แถว O ล็อค 6 ชั้น 1'),
(3247, 2, 6, 'O', 'แถว O ล็อค 6 ชั้น 2'),
(3248, 3, 6, 'O', 'แถว O ล็อค 6 ชั้น 3'),
(3249, 4, 6, 'O', 'แถว O ล็อค 6 ชั้น 4'),
(3250, 5, 6, 'O', 'แถว O ล็อค 6 ชั้น 5'),
(3251, 1, 7, 'O', 'แถว O ล็อค 7 ชั้น 1'),
(3252, 2, 7, 'O', 'แถว O ล็อค 7 ชั้น 2'),
(3253, 3, 7, 'O', 'แถว O ล็อค 7 ชั้น 3'),
(3254, 4, 7, 'O', 'แถว O ล็อค 7 ชั้น 4'),
(3255, 5, 7, 'O', 'แถว O ล็อค 7 ชั้น 5'),
(3256, 1, 1, 'P', 'แถว P ล็อค 1 ชั้น 1'),
(3257, 2, 1, 'P', 'แถว P ล็อค 1 ชั้น 2'),
(3258, 3, 1, 'P', 'แถว P ล็อค 1 ชั้น 3'),
(3259, 4, 1, 'P', 'แถว P ล็อค 1 ชั้น 4'),
(3260, 5, 1, 'P', 'แถว P ล็อค 1 ชั้น 5'),
(3261, 1, 2, 'P', 'แถว P ล็อค 2 ชั้น 1'),
(3262, 2, 2, 'P', 'แถว P ล็อค 2 ชั้น 2'),
(3263, 3, 2, 'P', 'แถว P ล็อค 2 ชั้น 3'),
(3264, 4, 2, 'P', 'แถว P ล็อค 2 ชั้น 4'),
(3265, 5, 2, 'P', 'แถว P ล็อค 2 ชั้น 5'),
(3266, 1, 3, 'P', 'แถว P ล็อค 3 ชั้น 1'),
(3267, 2, 3, 'P', 'แถว P ล็อค 3 ชั้น 2'),
(3268, 3, 3, 'P', 'แถว P ล็อค 3 ชั้น 3'),
(3269, 4, 3, 'P', 'แถว P ล็อค 3 ชั้น 4'),
(3270, 5, 3, 'P', 'แถว P ล็อค 3 ชั้น 5'),
(3271, 1, 4, 'P', 'แถว P ล็อค 4 ชั้น 1'),
(3272, 2, 4, 'P', 'แถว P ล็อค 4 ชั้น 2'),
(3273, 3, 4, 'P', 'แถว P ล็อค 4 ชั้น 3'),
(3274, 4, 4, 'P', 'แถว P ล็อค 4 ชั้น 4'),
(3275, 5, 4, 'P', 'แถว P ล็อค 4 ชั้น 5'),
(3276, 1, 5, 'P', 'แถว P ล็อค 5 ชั้น 1'),
(3277, 2, 5, 'P', 'แถว P ล็อค 5 ชั้น 2'),
(3278, 3, 5, 'P', 'แถว P ล็อค 5 ชั้น 3'),
(3279, 4, 5, 'P', 'แถว P ล็อค 5 ชั้น 4'),
(3280, 5, 5, 'P', 'แถว P ล็อค 5 ชั้น 5'),
(3281, 1, 6, 'P', 'แถว P ล็อค 6 ชั้น 1'),
(3282, 2, 6, 'P', 'แถว P ล็อค 6 ชั้น 2'),
(3283, 3, 6, 'P', 'แถว P ล็อค 6 ชั้น 3'),
(3284, 4, 6, 'P', 'แถว P ล็อค 6 ชั้น 4'),
(3285, 5, 6, 'P', 'แถว P ล็อค 6 ชั้น 5'),
(3286, 1, 7, 'P', 'แถว P ล็อค 7 ชั้น 1'),
(3287, 2, 7, 'P', 'แถว P ล็อค 7 ชั้น 2'),
(3288, 3, 7, 'P', 'แถว P ล็อค 7 ชั้น 3'),
(3289, 4, 7, 'P', 'แถว P ล็อค 7 ชั้น 4'),
(3290, 5, 7, 'P', 'แถว P ล็อค 7 ชั้น 5'),
(3291, 1, 1, 'Q', 'แถว Q ล็อค 1 ชั้น 1'),
(3292, 2, 1, 'Q', 'แถว Q ล็อค 1 ชั้น 2'),
(3293, 3, 1, 'Q', 'แถว Q ล็อค 1 ชั้น 3'),
(3294, 4, 1, 'Q', 'แถว Q ล็อค 1 ชั้น 4'),
(3295, 5, 1, 'Q', 'แถว Q ล็อค 1 ชั้น 5'),
(3296, 1, 2, 'Q', 'แถว Q ล็อค 2 ชั้น 1'),
(3297, 2, 2, 'Q', 'แถว Q ล็อค 2 ชั้น 2'),
(3298, 3, 2, 'Q', 'แถว Q ล็อค 2 ชั้น 3'),
(3299, 4, 2, 'Q', 'แถว Q ล็อค 2 ชั้น 4'),
(3300, 5, 2, 'Q', 'แถว Q ล็อค 2 ชั้น 5'),
(3301, 1, 3, 'Q', 'แถว Q ล็อค 3 ชั้น 1'),
(3302, 2, 3, 'Q', 'แถว Q ล็อค 3 ชั้น 2'),
(3303, 3, 3, 'Q', 'แถว Q ล็อค 3 ชั้น 3'),
(3304, 4, 3, 'Q', 'แถว Q ล็อค 3 ชั้น 4'),
(3305, 5, 3, 'Q', 'แถว Q ล็อค 3 ชั้น 5'),
(3306, 1, 4, 'Q', 'แถว Q ล็อค 4 ชั้น 1'),
(3307, 2, 4, 'Q', 'แถว Q ล็อค 4 ชั้น 2'),
(3308, 3, 4, 'Q', 'แถว Q ล็อค 4 ชั้น 3'),
(3309, 4, 4, 'Q', 'แถว Q ล็อค 4 ชั้น 4'),
(3310, 5, 4, 'Q', 'แถว Q ล็อค 4 ชั้น 5'),
(3311, 1, 5, 'Q', 'แถว Q ล็อค 5 ชั้น 1'),
(3312, 2, 5, 'Q', 'แถว Q ล็อค 5 ชั้น 2'),
(3313, 3, 5, 'Q', 'แถว Q ล็อค 5 ชั้น 3'),
(3314, 4, 5, 'Q', 'แถว Q ล็อค 5 ชั้น 4'),
(3315, 5, 5, 'Q', 'แถว Q ล็อค 5 ชั้น 5'),
(3316, 1, 6, 'Q', 'แถว Q ล็อค 6 ชั้น 1'),
(3317, 2, 6, 'Q', 'แถว Q ล็อค 6 ชั้น 2'),
(3318, 3, 6, 'Q', 'แถว Q ล็อค 6 ชั้น 3'),
(3319, 4, 6, 'Q', 'แถว Q ล็อค 6 ชั้น 4'),
(3320, 5, 6, 'Q', 'แถว Q ล็อค 6 ชั้น 5'),
(3321, 1, 7, 'Q', 'แถว Q ล็อค 7 ชั้น 1'),
(3322, 2, 7, 'Q', 'แถว Q ล็อค 7 ชั้น 2'),
(3323, 3, 7, 'Q', 'แถว Q ล็อค 7 ชั้น 3'),
(3324, 4, 7, 'Q', 'แถว Q ล็อค 7 ชั้น 4'),
(3325, 5, 7, 'Q', 'แถว Q ล็อค 7 ชั้น 5'),
(3326, 1, 1, 'R', 'แถว R ล็อค 1 ชั้น 1'),
(3327, 2, 1, 'R', 'แถว R ล็อค 1 ชั้น 2'),
(3328, 3, 1, 'R', 'แถว R ล็อค 1 ชั้น 3'),
(3329, 4, 1, 'R', 'แถว R ล็อค 1 ชั้น 4'),
(3330, 5, 1, 'R', 'แถว R ล็อค 1 ชั้น 5'),
(3331, 1, 2, 'R', 'แถว R ล็อค 2 ชั้น 1'),
(3332, 2, 2, 'R', 'แถว R ล็อค 2 ชั้น 2'),
(3333, 3, 2, 'R', 'แถว R ล็อค 2 ชั้น 3'),
(3334, 4, 2, 'R', 'แถว R ล็อค 2 ชั้น 4'),
(3335, 5, 2, 'R', 'แถว R ล็อค 2 ชั้น 5'),
(3336, 1, 3, 'R', 'แถว R ล็อค 3 ชั้น 1'),
(3337, 2, 3, 'R', 'แถว R ล็อค 3 ชั้น 2'),
(3338, 3, 3, 'R', 'แถว R ล็อค 3 ชั้น 3'),
(3339, 4, 3, 'R', 'แถว R ล็อค 3 ชั้น 4'),
(3340, 5, 3, 'R', 'แถว R ล็อค 3 ชั้น 5'),
(3341, 1, 4, 'R', 'แถว R ล็อค 4 ชั้น 1'),
(3342, 2, 4, 'R', 'แถว R ล็อค 4 ชั้น 2'),
(3343, 3, 4, 'R', 'แถว R ล็อค 4 ชั้น 3'),
(3344, 4, 4, 'R', 'แถว R ล็อค 4 ชั้น 4'),
(3345, 5, 4, 'R', 'แถว R ล็อค 4 ชั้น 5'),
(3346, 1, 5, 'R', 'แถว R ล็อค 5 ชั้น 1'),
(3347, 2, 5, 'R', 'แถว R ล็อค 5 ชั้น 2'),
(3348, 3, 5, 'R', 'แถว R ล็อค 5 ชั้น 3'),
(3349, 4, 5, 'R', 'แถว R ล็อค 5 ชั้น 4'),
(3350, 5, 5, 'R', 'แถว R ล็อค 5 ชั้น 5'),
(3351, 1, 6, 'R', 'แถว R ล็อค 6 ชั้น 1'),
(3352, 2, 6, 'R', 'แถว R ล็อค 6 ชั้น 2'),
(3353, 3, 6, 'R', 'แถว R ล็อค 6 ชั้น 3'),
(3354, 4, 6, 'R', 'แถว R ล็อค 6 ชั้น 4'),
(3355, 5, 6, 'R', 'แถว R ล็อค 6 ชั้น 5'),
(3356, 1, 7, 'R', 'แถว R ล็อค 7 ชั้น 1'),
(3357, 2, 7, 'R', 'แถว R ล็อค 7 ชั้น 2'),
(3358, 3, 7, 'R', 'แถว R ล็อค 7 ชั้น 3'),
(3359, 4, 7, 'R', 'แถว R ล็อค 7 ชั้น 4'),
(3360, 5, 7, 'R', 'แถว R ล็อค 7 ชั้น 5'),
(3361, 1, 1, 'S', 'แถว S ล็อค 1 ชั้น 1'),
(3362, 2, 1, 'S', 'แถว S ล็อค 1 ชั้น 2'),
(3363, 3, 1, 'S', 'แถว S ล็อค 1 ชั้น 3'),
(3364, 4, 1, 'S', 'แถว S ล็อค 1 ชั้น 4'),
(3365, 5, 1, 'S', 'แถว S ล็อค 1 ชั้น 5'),
(3366, 1, 2, 'S', 'แถว S ล็อค 2 ชั้น 1'),
(3367, 2, 2, 'S', 'แถว S ล็อค 2 ชั้น 2'),
(3368, 3, 2, 'S', 'แถว S ล็อค 2 ชั้น 3'),
(3369, 4, 2, 'S', 'แถว S ล็อค 2 ชั้น 4'),
(3370, 5, 2, 'S', 'แถว S ล็อค 2 ชั้น 5'),
(3371, 1, 3, 'S', 'แถว S ล็อค 3 ชั้น 1'),
(3372, 2, 3, 'S', 'แถว S ล็อค 3 ชั้น 2'),
(3373, 3, 3, 'S', 'แถว S ล็อค 3 ชั้น 3'),
(3374, 4, 3, 'S', 'แถว S ล็อค 3 ชั้น 4'),
(3375, 5, 3, 'S', 'แถว S ล็อค 3 ชั้น 5'),
(3376, 1, 4, 'S', 'แถว S ล็อค 4 ชั้น 1'),
(3377, 2, 4, 'S', 'แถว S ล็อค 4 ชั้น 2'),
(3378, 3, 4, 'S', 'แถว S ล็อค 4 ชั้น 3'),
(3379, 4, 4, 'S', 'แถว S ล็อค 4 ชั้น 4'),
(3380, 5, 4, 'S', 'แถว S ล็อค 4 ชั้น 5'),
(3381, 1, 5, 'S', 'แถว S ล็อค 5 ชั้น 1'),
(3382, 2, 5, 'S', 'แถว S ล็อค 5 ชั้น 2'),
(3383, 3, 5, 'S', 'แถว S ล็อค 5 ชั้น 3'),
(3384, 4, 5, 'S', 'แถว S ล็อค 5 ชั้น 4'),
(3385, 5, 5, 'S', 'แถว S ล็อค 5 ชั้น 5'),
(3386, 1, 6, 'S', 'แถว S ล็อค 6 ชั้น 1'),
(3387, 2, 6, 'S', 'แถว S ล็อค 6 ชั้น 2'),
(3388, 3, 6, 'S', 'แถว S ล็อค 6 ชั้น 3'),
(3389, 4, 6, 'S', 'แถว S ล็อค 6 ชั้น 4'),
(3390, 5, 6, 'S', 'แถว S ล็อค 6 ชั้น 5'),
(3391, 1, 7, 'S', 'แถว S ล็อค 7 ชั้น 1'),
(3392, 2, 7, 'S', 'แถว S ล็อค 7 ชั้น 2'),
(3393, 3, 7, 'S', 'แถว S ล็อค 7 ชั้น 3'),
(3394, 4, 7, 'S', 'แถว S ล็อค 7 ชั้น 4'),
(3395, 5, 7, 'S', 'แถว S ล็อค 7 ชั้น 5'),
(3396, 1, 1, 'T', 'แถว T ล็อค 1 ชั้น 1'),
(3397, 2, 1, 'T', 'แถว T ล็อค 1 ชั้น 2'),
(3398, 3, 1, 'T', 'แถว T ล็อค 1 ชั้น 3'),
(3399, 4, 1, 'T', 'แถว T ล็อค 1 ชั้น 4'),
(3400, 5, 1, 'T', 'แถว T ล็อค 1 ชั้น 5'),
(3401, 1, 2, 'T', 'แถว T ล็อค 2 ชั้น 1'),
(3402, 2, 2, 'T', 'แถว T ล็อค 2 ชั้น 2'),
(3403, 3, 2, 'T', 'แถว T ล็อค 2 ชั้น 3'),
(3404, 4, 2, 'T', 'แถว T ล็อค 2 ชั้น 4'),
(3405, 5, 2, 'T', 'แถว T ล็อค 2 ชั้น 5'),
(3406, 1, 3, 'T', 'แถว T ล็อค 3 ชั้น 1'),
(3407, 2, 3, 'T', 'แถว T ล็อค 3 ชั้น 2'),
(3408, 3, 3, 'T', 'แถว T ล็อค 3 ชั้น 3'),
(3409, 4, 3, 'T', 'แถว T ล็อค 3 ชั้น 4'),
(3410, 5, 3, 'T', 'แถว T ล็อค 3 ชั้น 5'),
(3411, 1, 4, 'T', 'แถว T ล็อค 4 ชั้น 1'),
(3412, 2, 4, 'T', 'แถว T ล็อค 4 ชั้น 2'),
(3413, 3, 4, 'T', 'แถว T ล็อค 4 ชั้น 3'),
(3414, 4, 4, 'T', 'แถว T ล็อค 4 ชั้น 4'),
(3415, 5, 4, 'T', 'แถว T ล็อค 4 ชั้น 5'),
(3416, 1, 5, 'T', 'แถว T ล็อค 5 ชั้น 1'),
(3417, 2, 5, 'T', 'แถว T ล็อค 5 ชั้น 2'),
(3418, 3, 5, 'T', 'แถว T ล็อค 5 ชั้น 3'),
(3419, 4, 5, 'T', 'แถว T ล็อค 5 ชั้น 4'),
(3420, 5, 5, 'T', 'แถว T ล็อค 5 ชั้น 5'),
(3421, 1, 6, 'T', 'แถว T ล็อค 6 ชั้น 1'),
(3422, 2, 6, 'T', 'แถว T ล็อค 6 ชั้น 2'),
(3423, 3, 6, 'T', 'แถว T ล็อค 6 ชั้น 3'),
(3424, 4, 6, 'T', 'แถว T ล็อค 6 ชั้น 4'),
(3425, 5, 6, 'T', 'แถว T ล็อค 6 ชั้น 5'),
(3426, 1, 7, 'T', 'แถว T ล็อค 7 ชั้น 1'),
(3427, 2, 7, 'T', 'แถว T ล็อค 7 ชั้น 2'),
(3428, 3, 7, 'T', 'แถว T ล็อค 7 ชั้น 3'),
(3429, 4, 7, 'T', 'แถว T ล็อค 7 ชั้น 4'),
(3430, 5, 7, 'T', 'แถว T ล็อค 7 ชั้น 5'),
(3431, 1, 1, 'U', 'แถว U ล็อค 1 ชั้น 1'),
(3432, 2, 1, 'U', 'แถว U ล็อค 1 ชั้น 2'),
(3433, 3, 1, 'U', 'แถว U ล็อค 1 ชั้น 3'),
(3434, 4, 1, 'U', 'แถว U ล็อค 1 ชั้น 4'),
(3435, 5, 1, 'U', 'แถว U ล็อค 1 ชั้น 5'),
(3436, 1, 2, 'U', 'แถว U ล็อค 2 ชั้น 1'),
(3437, 2, 2, 'U', 'แถว U ล็อค 2 ชั้น 2'),
(3438, 3, 2, 'U', 'แถว U ล็อค 2 ชั้น 3'),
(3439, 4, 2, 'U', 'แถว U ล็อค 2 ชั้น 4'),
(3440, 5, 2, 'U', 'แถว U ล็อค 2 ชั้น 5'),
(3441, 1, 3, 'U', 'แถว U ล็อค 3 ชั้น 1'),
(3442, 2, 3, 'U', 'แถว U ล็อค 3 ชั้น 2'),
(3443, 3, 3, 'U', 'แถว U ล็อค 3 ชั้น 3'),
(3444, 4, 3, 'U', 'แถว U ล็อค 3 ชั้น 4'),
(3445, 5, 3, 'U', 'แถว U ล็อค 3 ชั้น 5'),
(3446, 1, 4, 'U', 'แถว U ล็อค 4 ชั้น 1'),
(3447, 2, 4, 'U', 'แถว U ล็อค 4 ชั้น 2'),
(3448, 3, 4, 'U', 'แถว U ล็อค 4 ชั้น 3'),
(3449, 4, 4, 'U', 'แถว U ล็อค 4 ชั้น 4'),
(3450, 5, 4, 'U', 'แถว U ล็อค 4 ชั้น 5'),
(3451, 1, 5, 'U', 'แถว U ล็อค 5 ชั้น 1'),
(3452, 2, 5, 'U', 'แถว U ล็อค 5 ชั้น 2'),
(3453, 3, 5, 'U', 'แถว U ล็อค 5 ชั้น 3'),
(3454, 4, 5, 'U', 'แถว U ล็อค 5 ชั้น 4'),
(3455, 5, 5, 'U', 'แถว U ล็อค 5 ชั้น 5'),
(3456, 1, 6, 'U', 'แถว U ล็อค 6 ชั้น 1'),
(3457, 2, 6, 'U', 'แถว U ล็อค 6 ชั้น 2'),
(3458, 3, 6, 'U', 'แถว U ล็อค 6 ชั้น 3'),
(3459, 4, 6, 'U', 'แถว U ล็อค 6 ชั้น 4'),
(3460, 5, 6, 'U', 'แถว U ล็อค 6 ชั้น 5'),
(3461, 1, 7, 'U', 'แถว U ล็อค 7 ชั้น 1'),
(3462, 2, 7, 'U', 'แถว U ล็อค 7 ชั้น 2'),
(3463, 3, 7, 'U', 'แถว U ล็อค 7 ชั้น 3'),
(3464, 4, 7, 'U', 'แถว U ล็อค 7 ชั้น 4'),
(3465, 5, 7, 'U', 'แถว U ล็อค 7 ชั้น 5'),
(3466, 1, 1, 'V', 'แถว V ล็อค 1 ชั้น 1'),
(3467, 2, 1, 'V', 'แถว V ล็อค 1 ชั้น 2'),
(3468, 3, 1, 'V', 'แถว V ล็อค 1 ชั้น 3'),
(3469, 4, 1, 'V', 'แถว V ล็อค 1 ชั้น 4'),
(3470, 5, 1, 'V', 'แถว V ล็อค 1 ชั้น 5'),
(3471, 1, 2, 'V', 'แถว V ล็อค 2 ชั้น 1'),
(3472, 2, 2, 'V', 'แถว V ล็อค 2 ชั้น 2'),
(3473, 3, 2, 'V', 'แถว V ล็อค 2 ชั้น 3'),
(3474, 4, 2, 'V', 'แถว V ล็อค 2 ชั้น 4'),
(3475, 5, 2, 'V', 'แถว V ล็อค 2 ชั้น 5'),
(3476, 1, 3, 'V', 'แถว V ล็อค 3 ชั้น 1'),
(3477, 2, 3, 'V', 'แถว V ล็อค 3 ชั้น 2'),
(3478, 3, 3, 'V', 'แถว V ล็อค 3 ชั้น 3'),
(3479, 4, 3, 'V', 'แถว V ล็อค 3 ชั้น 4'),
(3480, 5, 3, 'V', 'แถว V ล็อค 3 ชั้น 5'),
(3481, 1, 4, 'V', 'แถว V ล็อค 4 ชั้น 1'),
(3482, 2, 4, 'V', 'แถว V ล็อค 4 ชั้น 2'),
(3483, 3, 4, 'V', 'แถว V ล็อค 4 ชั้น 3'),
(3484, 4, 4, 'V', 'แถว V ล็อค 4 ชั้น 4'),
(3485, 5, 4, 'V', 'แถว V ล็อค 4 ชั้น 5'),
(3486, 1, 5, 'V', 'แถว V ล็อค 5 ชั้น 1'),
(3487, 2, 5, 'V', 'แถว V ล็อค 5 ชั้น 2'),
(3488, 3, 5, 'V', 'แถว V ล็อค 5 ชั้น 3'),
(3489, 4, 5, 'V', 'แถว V ล็อค 5 ชั้น 4'),
(3490, 5, 5, 'V', 'แถว V ล็อค 5 ชั้น 5'),
(3491, 1, 6, 'V', 'แถว V ล็อค 6 ชั้น 1'),
(3492, 2, 6, 'V', 'แถว V ล็อค 6 ชั้น 2'),
(3493, 3, 6, 'V', 'แถว V ล็อค 6 ชั้น 3'),
(3494, 4, 6, 'V', 'แถว V ล็อค 6 ชั้น 4'),
(3495, 5, 6, 'V', 'แถว V ล็อค 6 ชั้น 5'),
(3496, 1, 7, 'V', 'แถว V ล็อค 7 ชั้น 1'),
(3497, 2, 7, 'V', 'แถว V ล็อค 7 ชั้น 2'),
(3498, 3, 7, 'V', 'แถว V ล็อค 7 ชั้น 3'),
(3499, 4, 7, 'V', 'แถว V ล็อค 7 ชั้น 4'),
(3500, 5, 7, 'V', 'แถว V ล็อค 7 ชั้น 5'),
(3501, 1, 1, 'W', 'แถว W ล็อค 1 ชั้น 1'),
(3502, 2, 1, 'W', 'แถว W ล็อค 1 ชั้น 2'),
(3503, 3, 1, 'W', 'แถว W ล็อค 1 ชั้น 3'),
(3504, 4, 1, 'W', 'แถว W ล็อค 1 ชั้น 4'),
(3505, 5, 1, 'W', 'แถว W ล็อค 1 ชั้น 5'),
(3506, 1, 2, 'W', 'แถว W ล็อค 2 ชั้น 1'),
(3507, 2, 2, 'W', 'แถว W ล็อค 2 ชั้น 2'),
(3508, 3, 2, 'W', 'แถว W ล็อค 2 ชั้น 3'),
(3509, 4, 2, 'W', 'แถว W ล็อค 2 ชั้น 4'),
(3510, 5, 2, 'W', 'แถว W ล็อค 2 ชั้น 5'),
(3511, 1, 3, 'W', 'แถว W ล็อค 3 ชั้น 1'),
(3512, 2, 3, 'W', 'แถว W ล็อค 3 ชั้น 2'),
(3513, 3, 3, 'W', 'แถว W ล็อค 3 ชั้น 3'),
(3514, 4, 3, 'W', 'แถว W ล็อค 3 ชั้น 4'),
(3515, 5, 3, 'W', 'แถว W ล็อค 3 ชั้น 5'),
(3516, 1, 4, 'W', 'แถว W ล็อค 4 ชั้น 1'),
(3517, 2, 4, 'W', 'แถว W ล็อค 4 ชั้น 2'),
(3518, 3, 4, 'W', 'แถว W ล็อค 4 ชั้น 3'),
(3519, 4, 4, 'W', 'แถว W ล็อค 4 ชั้น 4'),
(3520, 5, 4, 'W', 'แถว W ล็อค 4 ชั้น 5'),
(3521, 1, 5, 'W', 'แถว W ล็อค 5 ชั้น 1'),
(3522, 2, 5, 'W', 'แถว W ล็อค 5 ชั้น 2'),
(3523, 3, 5, 'W', 'แถว W ล็อค 5 ชั้น 3'),
(3524, 4, 5, 'W', 'แถว W ล็อค 5 ชั้น 4'),
(3525, 5, 5, 'W', 'แถว W ล็อค 5 ชั้น 5'),
(3526, 1, 6, 'W', 'แถว W ล็อค 6 ชั้น 1'),
(3527, 2, 6, 'W', 'แถว W ล็อค 6 ชั้น 2'),
(3528, 3, 6, 'W', 'แถว W ล็อค 6 ชั้น 3'),
(3529, 4, 6, 'W', 'แถว W ล็อค 6 ชั้น 4'),
(3530, 5, 6, 'W', 'แถว W ล็อค 6 ชั้น 5'),
(3531, 1, 7, 'W', 'แถว W ล็อค 7 ชั้น 1'),
(3532, 2, 7, 'W', 'แถว W ล็อค 7 ชั้น 2'),
(3533, 3, 7, 'W', 'แถว W ล็อค 7 ชั้น 3'),
(3534, 4, 7, 'W', 'แถว W ล็อค 7 ชั้น 4'),
(3535, 5, 7, 'W', 'แถว W ล็อค 7 ชั้น 5'),
(3536, 1, 1, 'X', 'แถว X ล็อค 1 ชั้น 1'),
(3537, 2, 1, 'X', 'แถว X ล็อค 1 ชั้น 2'),
(3538, 3, 1, 'X', 'แถว X ล็อค 1 ชั้น 3'),
(3539, 4, 1, 'X', 'แถว X ล็อค 1 ชั้น 4'),
(3540, 5, 1, 'X', 'แถว X ล็อค 1 ชั้น 5'),
(3541, 1, 2, 'X', 'แถว X ล็อค 2 ชั้น 1'),
(3542, 2, 2, 'X', 'แถว X ล็อค 2 ชั้น 2'),
(3543, 3, 2, 'X', 'แถว X ล็อค 2 ชั้น 3'),
(3544, 4, 2, 'X', 'แถว X ล็อค 2 ชั้น 4'),
(3545, 5, 2, 'X', 'แถว X ล็อค 2 ชั้น 5'),
(3546, 1, 3, 'X', 'แถว X ล็อค 3 ชั้น 1'),
(3547, 2, 3, 'X', 'แถว X ล็อค 3 ชั้น 2'),
(3548, 3, 3, 'X', 'แถว X ล็อค 3 ชั้น 3'),
(3549, 4, 3, 'X', 'แถว X ล็อค 3 ชั้น 4'),
(3550, 5, 3, 'X', 'แถว X ล็อค 3 ชั้น 5'),
(3551, 1, 4, 'X', 'แถว X ล็อค 4 ชั้น 1'),
(3552, 2, 4, 'X', 'แถว X ล็อค 4 ชั้น 2'),
(3553, 3, 4, 'X', 'แถว X ล็อค 4 ชั้น 3'),
(3554, 4, 4, 'X', 'แถว X ล็อค 4 ชั้น 4'),
(3555, 5, 4, 'X', 'แถว X ล็อค 4 ชั้น 5'),
(3556, 1, 5, 'X', 'แถว X ล็อค 5 ชั้น 1'),
(3557, 2, 5, 'X', 'แถว X ล็อค 5 ชั้น 2'),
(3558, 3, 5, 'X', 'แถว X ล็อค 5 ชั้น 3'),
(3559, 4, 5, 'X', 'แถว X ล็อค 5 ชั้น 4'),
(3560, 5, 5, 'X', 'แถว X ล็อค 5 ชั้น 5'),
(3561, 1, 6, 'X', 'แถว X ล็อค 6 ชั้น 1'),
(3562, 2, 6, 'X', 'แถว X ล็อค 6 ชั้น 2'),
(3563, 3, 6, 'X', 'แถว X ล็อค 6 ชั้น 3'),
(3564, 4, 6, 'X', 'แถว X ล็อค 6 ชั้น 4'),
(3565, 5, 6, 'X', 'แถว X ล็อค 6 ชั้น 5'),
(3566, 1, 7, 'X', 'แถว X ล็อค 7 ชั้น 1'),
(3567, 2, 7, 'X', 'แถว X ล็อค 7 ชั้น 2'),
(3568, 3, 7, 'X', 'แถว X ล็อค 7 ชั้น 3'),
(3569, 4, 7, 'X', 'แถว X ล็อค 7 ชั้น 4'),
(3570, 5, 7, 'X', 'แถว X ล็อค 7 ชั้น 5'),
(3571, 1, 1, 'T', 'ตู้ ล็อค 1 ชั้น 1'),
(3572, 2, 1, 'T', 'ตู้ ล็อค 1 ชั้น 2'),
(3573, 3, 1, 'T', 'ตู้ ล็อค 1 ชั้น 3'),
(3574, 4, 1, 'T', 'ตู้ ล็อค 1 ชั้น 4'),
(3575, 5, 1, 'T', 'ตู้ ล็อค 1 ชั้น 5'),
(3576, 1, 2, 'T', 'ตู้ ล็อค 2 ชั้น 1'),
(3577, 2, 2, 'T', 'ตู้ ล็อค 2 ชั้น 2'),
(3578, 3, 2, 'T', 'ตู้ ล็อค 2 ชั้น 3'),
(3579, 4, 2, 'T', 'ตู้ ล็อค 2 ชั้น 4'),
(3580, 5, 2, 'T', 'ตู้ ล็อค 2 ชั้น 5'),
(3581, 1, 3, 'T', 'ตู้ ล็อค 3 ชั้น 1'),
(3582, 2, 3, 'T', 'ตู้ ล็อค 3 ชั้น 2'),
(3583, 3, 3, 'T', 'ตู้ ล็อค 3 ชั้น 3'),
(3584, 4, 3, 'T', 'ตู้ ล็อค 3 ชั้น 4'),
(3585, 5, 3, 'T', 'ตู้ ล็อค 3 ชั้น 5'),
(3586, 1, 4, 'T', 'ตู้ ล็อค 4 ชั้น 1'),
(3587, 2, 4, 'T', 'ตู้ ล็อค 4 ชั้น 2'),
(3588, 3, 4, 'T', 'ตู้ ล็อค 4 ชั้น 3'),
(3589, 4, 4, 'T', 'ตู้ ล็อค 4 ชั้น 4'),
(3590, 5, 4, 'T', 'ตู้ ล็อค 4 ชั้น 5'),
(3591, 1, 5, 'T', 'ตู้ ล็อค 5 ชั้น 1'),
(3592, 2, 5, 'T', 'ตู้ ล็อค 5 ชั้น 2'),
(3593, 3, 5, 'T', 'ตู้ ล็อค 5 ชั้น 3'),
(3594, 4, 5, 'T', 'ตู้ ล็อค 5 ชั้น 4'),
(3595, 5, 5, 'T', 'ตู้ ล็อค 5 ชั้น 5'),
(3596, 1, 6, 'T', 'ตู้ ล็อค 6 ชั้น 1'),
(3597, 2, 6, 'T', 'ตู้ ล็อค 6 ชั้น 2'),
(3598, 3, 6, 'T', 'ตู้ ล็อค 6 ชั้น 3'),
(3599, 4, 6, 'T', 'ตู้ ล็อค 6 ชั้น 4'),
(3600, 5, 6, 'T', 'ตู้ ล็อค 6 ชั้น 5'),
(3601, 1, 7, 'T', 'ตู้ ล็อค 7 ชั้น 1'),
(3602, 2, 7, 'T', 'ตู้ ล็อค 7 ชั้น 2'),
(3603, 3, 7, 'T', 'ตู้ ล็อค 7 ชั้น 3'),
(3604, 4, 7, 'T', 'ตู้ ล็อค 7 ชั้น 4'),
(3605, 5, 7, 'T', 'ตู้ ล็อค 7 ชั้น 5'),
(3606, 1, 1, 'SALE(บน)', 'SALE(บน) ล็อค 1 ชั้น 1'),
(3607, 2, 1, 'SALE(บน)', 'SALE(บน) ล็อค 1 ชั้น 2'),
(3608, 3, 1, 'SALE(บน)', 'SALE(บน) ล็อค 1 ชั้น 3'),
(3609, 4, 1, 'SALE(บน)', 'SALE(บน) ล็อค 1 ชั้น 4'),
(3610, 5, 1, 'SALE(บน)', 'SALE(บน) ล็อค 1 ชั้น 5'),
(3611, 6, 1, 'SALE(บน)', 'SALE(บน) ล็อค 1 ชั้น 6'),
(3612, 7, 1, 'SALE(บน)', 'SALE(บน) ล็อค 1 ชั้น 7'),
(3613, 8, 1, 'SALE(บน)', 'SALE(บน) ล็อค 1 ชั้น 8'),
(3614, 9, 1, 'SALE(บน)', 'SALE(บน) ล็อค 1 ชั้น 9'),
(3615, 10, 1, 'SALE(บน)', 'SALE(บน) ล็อค 1 ชั้น 10'),
(3616, 1, 2, 'SALE(บน)', 'SALE(บน) ล็อค 2 ชั้น 1'),
(3617, 2, 2, 'SALE(บน)', 'SALE(บน) ล็อค 2 ชั้น 2'),
(3618, 3, 2, 'SALE(บน)', 'SALE(บน) ล็อค 2 ชั้น 3'),
(3619, 4, 2, 'SALE(บน)', 'SALE(บน) ล็อค 2 ชั้น 4'),
(3620, 5, 2, 'SALE(บน)', 'SALE(บน) ล็อค 2 ชั้น 5'),
(3621, 6, 2, 'SALE(บน)', 'SALE(บน) ล็อค 2 ชั้น 6'),
(3622, 7, 2, 'SALE(บน)', 'SALE(บน) ล็อค 2 ชั้น 7'),
(3623, 8, 2, 'SALE(บน)', 'SALE(บน) ล็อค 2 ชั้น 8'),
(3624, 9, 2, 'SALE(บน)', 'SALE(บน) ล็อค 2 ชั้น 9'),
(3625, 10, 2, 'SALE(บน)', 'SALE(บน) ล็อค 2 ชั้น 10'),
(3626, 1, 3, 'SALE(บน)', 'SALE(บน) ล็อค 3 ชั้น 1'),
(3627, 2, 3, 'SALE(บน)', 'SALE(บน) ล็อค 3 ชั้น 2'),
(3628, 3, 3, 'SALE(บน)', 'SALE(บน) ล็อค 3 ชั้น 3'),
(3629, 4, 3, 'SALE(บน)', 'SALE(บน) ล็อค 3 ชั้น 4'),
(3630, 5, 3, 'SALE(บน)', 'SALE(บน) ล็อค 3 ชั้น 5'),
(3631, 6, 3, 'SALE(บน)', 'SALE(บน) ล็อค 3 ชั้น 6'),
(3632, 7, 3, 'SALE(บน)', 'SALE(บน) ล็อค 3 ชั้น 7'),
(3633, 8, 3, 'SALE(บน)', 'SALE(บน) ล็อค 3 ชั้น 8'),
(3634, 9, 3, 'SALE(บน)', 'SALE(บน) ล็อค 3 ชั้น 9'),
(3635, 10, 3, 'SALE(บน)', 'SALE(บน) ล็อค 3 ชั้น 10'),
(3636, 1, 4, 'SALE(บน)', 'SALE(บน) ล็อค 4 ชั้น 1'),
(3637, 2, 4, 'SALE(บน)', 'SALE(บน) ล็อค 4 ชั้น 2'),
(3638, 3, 4, 'SALE(บน)', 'SALE(บน) ล็อค 4 ชั้น 3'),
(3639, 4, 4, 'SALE(บน)', 'SALE(บน) ล็อค 4 ชั้น 4'),
(3640, 5, 4, 'SALE(บน)', 'SALE(บน) ล็อค 4 ชั้น 5'),
(3641, 6, 4, 'SALE(บน)', 'SALE(บน) ล็อค 4 ชั้น 6'),
(3642, 7, 4, 'SALE(บน)', 'SALE(บน) ล็อค 4 ชั้น 7'),
(3643, 8, 4, 'SALE(บน)', 'SALE(บน) ล็อค 4 ชั้น 8'),
(3644, 9, 4, 'SALE(บน)', 'SALE(บน) ล็อค 4 ชั้น 9'),
(3645, 10, 4, 'SALE(บน)', 'SALE(บน) ล็อค 4 ชั้น 10'),
(3646, 1, 5, 'SALE(บน)', 'SALE(บน) ล็อค 5 ชั้น 1'),
(3647, 2, 5, 'SALE(บน)', 'SALE(บน) ล็อค 5 ชั้น 2'),
(3648, 3, 5, 'SALE(บน)', 'SALE(บน) ล็อค 5 ชั้น 3'),
(3649, 4, 5, 'SALE(บน)', 'SALE(บน) ล็อค 5 ชั้น 4'),
(3650, 5, 5, 'SALE(บน)', 'SALE(บน) ล็อค 5 ชั้น 5'),
(3651, 6, 5, 'SALE(บน)', 'SALE(บน) ล็อค 5 ชั้น 6'),
(3652, 7, 5, 'SALE(บน)', 'SALE(บน) ล็อค 5 ชั้น 7'),
(3653, 8, 5, 'SALE(บน)', 'SALE(บน) ล็อค 5 ชั้น 8'),
(3654, 9, 5, 'SALE(บน)', 'SALE(บน) ล็อค 5 ชั้น 9'),
(3655, 10, 5, 'SALE(บน)', 'SALE(บน) ล็อค 5 ชั้น 10'),
(3656, 1, 6, 'SALE(บน)', 'SALE(บน) ล็อค 6 ชั้น 1'),
(3657, 2, 6, 'SALE(บน)', 'SALE(บน) ล็อค 6 ชั้น 2'),
(3658, 3, 6, 'SALE(บน)', 'SALE(บน) ล็อค 6 ชั้น 3'),
(3659, 4, 6, 'SALE(บน)', 'SALE(บน) ล็อค 6 ชั้น 4'),
(3660, 5, 6, 'SALE(บน)', 'SALE(บน) ล็อค 6 ชั้น 5'),
(3661, 6, 6, 'SALE(บน)', 'SALE(บน) ล็อค 6 ชั้น 6'),
(3662, 7, 6, 'SALE(บน)', 'SALE(บน) ล็อค 6 ชั้น 7'),
(3663, 8, 6, 'SALE(บน)', 'SALE(บน) ล็อค 6 ชั้น 8'),
(3664, 9, 6, 'SALE(บน)', 'SALE(บน) ล็อค 6 ชั้น 9'),
(3665, 10, 6, 'SALE(บน)', 'SALE(บน) ล็อค 6 ชั้น 10'),
(3666, 1, 7, 'SALE(บน)', 'SALE(บน) ล็อค 7 ชั้น 1'),
(3667, 2, 7, 'SALE(บน)', 'SALE(บน) ล็อค 7 ชั้น 2'),
(3668, 3, 7, 'SALE(บน)', 'SALE(บน) ล็อค 7 ชั้น 3'),
(3669, 4, 7, 'SALE(บน)', 'SALE(บน) ล็อค 7 ชั้น 4'),
(3670, 5, 7, 'SALE(บน)', 'SALE(บน) ล็อค 7 ชั้น 5'),
(3671, 6, 7, 'SALE(บน)', 'SALE(บน) ล็อค 7 ชั้น 6'),
(3672, 7, 7, 'SALE(บน)', 'SALE(บน) ล็อค 7 ชั้น 7'),
(3673, 8, 7, 'SALE(บน)', 'SALE(บน) ล็อค 7 ชั้น 8'),
(3674, 9, 7, 'SALE(บน)', 'SALE(บน) ล็อค 7 ชั้น 9'),
(3675, 10, 7, 'SALE(บน)', 'SALE(บน) ล็อค 7 ชั้น 10'),
(3676, 1, 8, 'SALE(บน)', 'SALE(บน) ล็อค 8 ชั้น 1'),
(3677, 2, 8, 'SALE(บน)', 'SALE(บน) ล็อค 8 ชั้น 2'),
(3678, 3, 8, 'SALE(บน)', 'SALE(บน) ล็อค 8 ชั้น 3'),
(3679, 4, 8, 'SALE(บน)', 'SALE(บน) ล็อค 8 ชั้น 4'),
(3680, 5, 8, 'SALE(บน)', 'SALE(บน) ล็อค 8 ชั้น 5'),
(3681, 6, 8, 'SALE(บน)', 'SALE(บน) ล็อค 8 ชั้น 6'),
(3682, 7, 8, 'SALE(บน)', 'SALE(บน) ล็อค 8 ชั้น 7'),
(3683, 8, 8, 'SALE(บน)', 'SALE(บน) ล็อค 8 ชั้น 8'),
(3684, 9, 8, 'SALE(บน)', 'SALE(บน) ล็อค 8 ชั้น 9'),
(3685, 10, 8, 'SALE(บน)', 'SALE(บน) ล็อค 8 ชั้น 10'),
(3686, 1, 9, 'SALE(บน)', 'SALE(บน) ล็อค 9 ชั้น 1'),
(3687, 2, 9, 'SALE(บน)', 'SALE(บน) ล็อค 9 ชั้น 2'),
(3688, 3, 9, 'SALE(บน)', 'SALE(บน) ล็อค 9 ชั้น 3'),
(3689, 4, 9, 'SALE(บน)', 'SALE(บน) ล็อค 9 ชั้น 4'),
(3690, 5, 9, 'SALE(บน)', 'SALE(บน) ล็อค 9 ชั้น 5'),
(3691, 6, 9, 'SALE(บน)', 'SALE(บน) ล็อค 9 ชั้น 6'),
(3692, 7, 9, 'SALE(บน)', 'SALE(บน) ล็อค 9 ชั้น 7'),
(3693, 8, 9, 'SALE(บน)', 'SALE(บน) ล็อค 9 ชั้น 8'),
(3694, 9, 9, 'SALE(บน)', 'SALE(บน) ล็อค 9 ชั้น 9'),
(3695, 10, 9, 'SALE(บน)', 'SALE(บน) ล็อค 9 ชั้น 10'),
(3696, 1, 10, 'SALE(บน)', 'SALE(บน) ล็อค 10 ชั้น 1'),
(3697, 2, 10, 'SALE(บน)', 'SALE(บน) ล็อค 10 ชั้น 2'),
(3698, 3, 10, 'SALE(บน)', 'SALE(บน) ล็อค 10 ชั้น 3'),
(3699, 4, 10, 'SALE(บน)', 'SALE(บน) ล็อค 10 ชั้น 4'),
(3700, 5, 10, 'SALE(บน)', 'SALE(บน) ล็อค 10 ชั้น 5'),
(3701, 6, 10, 'SALE(บน)', 'SALE(บน) ล็อค 10 ชั้น 6'),
(3702, 7, 10, 'SALE(บน)', 'SALE(บน) ล็อค 10 ชั้น 7'),
(3703, 8, 10, 'SALE(บน)', 'SALE(บน) ล็อค 10 ชั้น 8'),
(3704, 9, 10, 'SALE(บน)', 'SALE(บน) ล็อค 10 ชั้น 9'),
(3705, 10, 10, 'SALE(บน)', 'SALE(บน) ล็อค 10 ชั้น 10'),
(3706, 1, 1, 'SALE(ล่าง)', 'SALE(ล่าง) ล็อค 1 ชั้น 1'),
(3707, 2, 1, 'SALE(ล่าง)', 'SALE(ล่าง) ล็อค 1 ชั้น 2'),
(3708, 3, 1, 'SALE(ล่าง)', 'SALE(ล่าง) ล็อค 1 ชั้น 3'),
(3709, 4, 1, 'SALE(ล่าง)', 'SALE(ล่าง) ล็อค 1 ชั้น 4'),
(3710, 5, 1, 'SALE(ล่าง)', 'SALE(ล่าง) ล็อค 1 ชั้น 5'),
(3711, 6, 1, 'SALE(ล่าง)', 'SALE(ล่าง) ล็อค 1 ชั้น 6'),
(3712, 7, 1, 'SALE(ล่าง)', 'SALE(ล่าง) ล็อค 1 ชั้น 7'),
(3713, 8, 1, 'SALE(ล่าง)', 'SALE(ล่าง) ล็อค 1 ชั้น 8'),
(3714, 9, 1, 'SALE(ล่าง)', 'SALE(ล่าง) ล็อค 1 ชั้น 9'),
(3715, 10, 1, 'SALE(ล่าง)', 'SALE(ล่าง) ล็อค 1 ชั้น 10'),
(3716, 1, 2, 'SALE(ล่าง)', 'SALE(ล่าง) ล็อค 2 ชั้น 1'),
(3717, 2, 2, 'SALE(ล่าง)', 'SALE(ล่าง) ล็อค 2 ชั้น 2'),
(3718, 3, 2, 'SALE(ล่าง)', 'SALE(ล่าง) ล็อค 2 ชั้น 3'),
(3719, 4, 2, 'SALE(ล่าง)', 'SALE(ล่าง) ล็อค 2 ชั้น 4'),
(3720, 5, 2, 'SALE(ล่าง)', 'SALE(ล่าง) ล็อค 2 ชั้น 5'),
(3721, 6, 2, 'SALE(ล่าง)', 'SALE(ล่าง) ล็อค 2 ชั้น 6'),
(3722, 7, 2, 'SALE(ล่าง)', 'SALE(ล่าง) ล็อค 2 ชั้น 7'),
(3723, 8, 2, 'SALE(ล่าง)', 'SALE(ล่าง) ล็อค 2 ชั้น 8'),
(3724, 9, 2, 'SALE(ล่าง)', 'SALE(ล่าง) ล็อค 2 ชั้น 9'),
(3725, 10, 2, 'SALE(ล่าง)', 'SALE(ล่าง) ล็อค 2 ชั้น 10'),
(3726, 1, 3, 'SALE(ล่าง)', 'SALE(ล่าง) ล็อค 3 ชั้น 1'),
(3727, 2, 3, 'SALE(ล่าง)', 'SALE(ล่าง) ล็อค 3 ชั้น 2'),
(3728, 3, 3, 'SALE(ล่าง)', 'SALE(ล่าง) ล็อค 3 ชั้น 3'),
(3729, 4, 3, 'SALE(ล่าง)', 'SALE(ล่าง) ล็อค 3 ชั้น 4'),
(3730, 5, 3, 'SALE(ล่าง)', 'SALE(ล่าง) ล็อค 3 ชั้น 5'),
(3731, 6, 3, 'SALE(ล่าง)', 'SALE(ล่าง) ล็อค 3 ชั้น 6'),
(3732, 7, 3, 'SALE(ล่าง)', 'SALE(ล่าง) ล็อค 3 ชั้น 7'),
(3733, 8, 3, 'SALE(ล่าง)', 'SALE(ล่าง) ล็อค 3 ชั้น 8'),
(3734, 9, 3, 'SALE(ล่าง)', 'SALE(ล่าง) ล็อค 3 ชั้น 9'),
(3735, 10, 3, 'SALE(ล่าง)', 'SALE(ล่าง) ล็อค 3 ชั้น 10'),
(3736, 1, 4, 'SALE(ล่าง)', 'SALE(ล่าง) ล็อค 4 ชั้น 1'),
(3737, 2, 4, 'SALE(ล่าง)', 'SALE(ล่าง) ล็อค 4 ชั้น 2'),
(3738, 3, 4, 'SALE(ล่าง)', 'SALE(ล่าง) ล็อค 4 ชั้น 3'),
(3739, 4, 4, 'SALE(ล่าง)', 'SALE(ล่าง) ล็อค 4 ชั้น 4'),
(3740, 5, 4, 'SALE(ล่าง)', 'SALE(ล่าง) ล็อค 4 ชั้น 5'),
(3741, 6, 4, 'SALE(ล่าง)', 'SALE(ล่าง) ล็อค 4 ชั้น 6'),
(3742, 7, 4, 'SALE(ล่าง)', 'SALE(ล่าง) ล็อค 4 ชั้น 7'),
(3743, 8, 4, 'SALE(ล่าง)', 'SALE(ล่าง) ล็อค 4 ชั้น 8'),
(3744, 9, 4, 'SALE(ล่าง)', 'SALE(ล่าง) ล็อค 4 ชั้น 9'),
(3745, 10, 4, 'SALE(ล่าง)', 'SALE(ล่าง) ล็อค 4 ชั้น 10'),
(3746, 1, 5, 'SALE(ล่าง)', 'SALE(ล่าง) ล็อค 5 ชั้น 1'),
(3747, 2, 5, 'SALE(ล่าง)', 'SALE(ล่าง) ล็อค 5 ชั้น 2'),
(3748, 3, 5, 'SALE(ล่าง)', 'SALE(ล่าง) ล็อค 5 ชั้น 3'),
(3749, 4, 5, 'SALE(ล่าง)', 'SALE(ล่าง) ล็อค 5 ชั้น 4'),
(3750, 5, 5, 'SALE(ล่าง)', 'SALE(ล่าง) ล็อค 5 ชั้น 5'),
(3751, 6, 5, 'SALE(ล่าง)', 'SALE(ล่าง) ล็อค 5 ชั้น 6'),
(3752, 7, 5, 'SALE(ล่าง)', 'SALE(ล่าง) ล็อค 5 ชั้น 7'),
(3753, 8, 5, 'SALE(ล่าง)', 'SALE(ล่าง) ล็อค 5 ชั้น 8'),
(3754, 9, 5, 'SALE(ล่าง)', 'SALE(ล่าง) ล็อค 5 ชั้น 9'),
(3755, 10, 5, 'SALE(ล่าง)', 'SALE(ล่าง) ล็อค 5 ชั้น 10'),
(3756, 1, 6, 'SALE(ล่าง)', 'SALE(ล่าง) ล็อค 6 ชั้น 1'),
(3757, 2, 6, 'SALE(ล่าง)', 'SALE(ล่าง) ล็อค 6 ชั้น 2'),
(3758, 3, 6, 'SALE(ล่าง)', 'SALE(ล่าง) ล็อค 6 ชั้น 3'),
(3759, 4, 6, 'SALE(ล่าง)', 'SALE(ล่าง) ล็อค 6 ชั้น 4'),
(3760, 5, 6, 'SALE(ล่าง)', 'SALE(ล่าง) ล็อค 6 ชั้น 5'),
(3761, 6, 6, 'SALE(ล่าง)', 'SALE(ล่าง) ล็อค 6 ชั้น 6'),
(3762, 7, 6, 'SALE(ล่าง)', 'SALE(ล่าง) ล็อค 6 ชั้น 7'),
(3763, 8, 6, 'SALE(ล่าง)', 'SALE(ล่าง) ล็อค 6 ชั้น 8'),
(3764, 9, 6, 'SALE(ล่าง)', 'SALE(ล่าง) ล็อค 6 ชั้น 9'),
(3765, 10, 6, 'SALE(ล่าง)', 'SALE(ล่าง) ล็อค 6 ชั้น 10'),
(3766, 1, 7, 'SALE(ล่าง)', 'SALE(ล่าง) ล็อค 7 ชั้น 1'),
(3767, 2, 7, 'SALE(ล่าง)', 'SALE(ล่าง) ล็อค 7 ชั้น 2'),
(3768, 3, 7, 'SALE(ล่าง)', 'SALE(ล่าง) ล็อค 7 ชั้น 3'),
(3769, 4, 7, 'SALE(ล่าง)', 'SALE(ล่าง) ล็อค 7 ชั้น 4'),
(3770, 5, 7, 'SALE(ล่าง)', 'SALE(ล่าง) ล็อค 7 ชั้น 5'),
(3771, 6, 7, 'SALE(ล่าง)', 'SALE(ล่าง) ล็อค 7 ชั้น 6'),
(3772, 7, 7, 'SALE(ล่าง)', 'SALE(ล่าง) ล็อค 7 ชั้น 7'),
(3773, 8, 7, 'SALE(ล่าง)', 'SALE(ล่าง) ล็อค 7 ชั้น 8'),
(3774, 9, 7, 'SALE(ล่าง)', 'SALE(ล่าง) ล็อค 7 ชั้น 9'),
(3775, 10, 7, 'SALE(ล่าง)', 'SALE(ล่าง) ล็อค 7 ชั้น 10'),
(3776, 1, 8, 'SALE(ล่าง)', 'SALE(ล่าง) ล็อค 8 ชั้น 1'),
(3777, 2, 8, 'SALE(ล่าง)', 'SALE(ล่าง) ล็อค 8 ชั้น 2'),
(3778, 3, 8, 'SALE(ล่าง)', 'SALE(ล่าง) ล็อค 8 ชั้น 3'),
(3779, 4, 8, 'SALE(ล่าง)', 'SALE(ล่าง) ล็อค 8 ชั้น 4'),
(3780, 5, 8, 'SALE(ล่าง)', 'SALE(ล่าง) ล็อค 8 ชั้น 5'),
(3781, 6, 8, 'SALE(ล่าง)', 'SALE(ล่าง) ล็อค 8 ชั้น 6'),
(3782, 7, 8, 'SALE(ล่าง)', 'SALE(ล่าง) ล็อค 8 ชั้น 7'),
(3783, 8, 8, 'SALE(ล่าง)', 'SALE(ล่าง) ล็อค 8 ชั้น 8'),
(3784, 9, 8, 'SALE(ล่าง)', 'SALE(ล่าง) ล็อค 8 ชั้น 9'),
(3785, 10, 8, 'SALE(ล่าง)', 'SALE(ล่าง) ล็อค 8 ชั้น 10'),
(3786, 1, 9, 'SALE(ล่าง)', 'SALE(ล่าง) ล็อค 9 ชั้น 1'),
(3787, 2, 9, 'SALE(ล่าง)', 'SALE(ล่าง) ล็อค 9 ชั้น 2'),
(3788, 3, 9, 'SALE(ล่าง)', 'SALE(ล่าง) ล็อค 9 ชั้น 3'),
(3789, 4, 9, 'SALE(ล่าง)', 'SALE(ล่าง) ล็อค 9 ชั้น 4'),
(3790, 5, 9, 'SALE(ล่าง)', 'SALE(ล่าง) ล็อค 9 ชั้น 5'),
(3791, 6, 9, 'SALE(ล่าง)', 'SALE(ล่าง) ล็อค 9 ชั้น 6'),
(3792, 7, 9, 'SALE(ล่าง)', 'SALE(ล่าง) ล็อค 9 ชั้น 7'),
(3793, 8, 9, 'SALE(ล่าง)', 'SALE(ล่าง) ล็อค 9 ชั้น 8'),
(3794, 9, 9, 'SALE(ล่าง)', 'SALE(ล่าง) ล็อค 9 ชั้น 9'),
(3795, 10, 9, 'SALE(ล่าง)', 'SALE(ล่าง) ล็อค 9 ชั้น 10'),
(3796, 1, 10, 'SALE(ล่าง)', 'SALE(ล่าง) ล็อค 10 ชั้น 1'),
(3797, 2, 10, 'SALE(ล่าง)', 'SALE(ล่าง) ล็อค 10 ชั้น 2'),
(3798, 3, 10, 'SALE(ล่าง)', 'SALE(ล่าง) ล็อค 10 ชั้น 3'),
(3799, 4, 10, 'SALE(ล่าง)', 'SALE(ล่าง) ล็อค 10 ชั้น 4'),
(3800, 5, 10, 'SALE(ล่าง)', 'SALE(ล่าง) ล็อค 10 ชั้น 5'),
(3801, 6, 10, 'SALE(ล่าง)', 'SALE(ล่าง) ล็อค 10 ชั้น 6'),
(3802, 7, 10, 'SALE(ล่าง)', 'SALE(ล่าง) ล็อค 10 ชั้น 7'),
(3803, 8, 10, 'SALE(ล่าง)', 'SALE(ล่าง) ล็อค 10 ชั้น 8'),
(3804, 9, 10, 'SALE(ล่าง)', 'SALE(ล่าง) ล็อค 10 ชั้น 9'),
(3805, 10, 10, 'SALE(ล่าง)', 'SALE(ล่าง) ล็อค 10 ชั้น 10');

-- --------------------------------------------------------

--
-- Table structure for table `menus`
--

CREATE TABLE `menus` (
  `id` int(11) NOT NULL,
  `menu_name` varchar(100) NOT NULL
) ENGINE=InnoDB DEFAULT CHARSET=utf8mb4 COLLATE=utf8mb4_unicode_ci;

--
-- Dumping data for table `menus`
--

INSERT INTO `menus` (`id`, `menu_name`) VALUES
(4, 'จัดการผู้ใช้'),
(1, 'จัดการสินค้า'),
(2, 'รายงานสต็อก'),
(3, 'ใบสั่งซื้อ');

-- --------------------------------------------------------

--
-- Table structure for table `password_reset_requests`
--

CREATE TABLE `password_reset_requests` (
  `id` int(11) NOT NULL,
  `user_email` varchar(100) NOT NULL,
  `user_name` varchar(100) NOT NULL,
  `requested_at` datetime DEFAULT current_timestamp(),
  `status` enum('pending','processed','denied') DEFAULT 'pending'
) ENGINE=InnoDB DEFAULT CHARSET=utf8mb4 COLLATE=utf8mb4_unicode_ci;

--
-- Dumping data for table `password_reset_requests`
--

INSERT INTO `password_reset_requests` (`id`, `user_email`, `user_name`, `requested_at`, `status`) VALUES
(1, 'stock@ichoicepms.com', 'stock_1', '2025-08-26 22:39:00', 'processed'),
(2, 'stock@ichoicepms.com', 'stock_1', '2025-08-26 22:39:14', 'processed'),
(3, 'stock@ichoicepms.com', 'stock_1', '2025-08-27 22:26:11', 'pending');

-- --------------------------------------------------------

--
-- Table structure for table `products`
--

CREATE TABLE `products` (
  `product_id` int(11) NOT NULL,
  `name` varchar(100) CHARACTER SET utf8mb4 COLLATE utf8mb4_unicode_ci NOT NULL,
  `sku` varchar(50) DEFAULT NULL,
  `barcode` varchar(50) DEFAULT NULL,
  `unit` varchar(20) CHARACTER SET utf8mb4 COLLATE utf8mb4_unicode_ci DEFAULT NULL,
  `image` varchar(255) CHARACTER SET utf8mb4 COLLATE utf8mb4_unicode_ci DEFAULT NULL,
  `remark_color` varchar(100) NOT NULL,
  `remark_split` int(11) NOT NULL,
  `created_by` int(11) DEFAULT NULL,
  `created_at` datetime DEFAULT current_timestamp()
) ENGINE=InnoDB DEFAULT CHARSET=utf8mb4 COLLATE=utf8mb4_bin;

--
-- Dumping data for table `products`
--

INSERT INTO `products` (`product_id`, `name`, `sku`, `barcode`, `unit`, `image`, `remark_color`, `remark_split`, `created_by`, `created_at`) VALUES
(10, '(Oral-B®) 3D White Power Toothbrush Polish Stains Away with 14,000 Strokes Per Minute ออรัลบี แปรงสี', 'Oral-B-3D-White-Power-Toothbrush-Polish-Stains-Awa', '69055837444', 'แพ็ค', 'images/069055837443.Photo.045843.jpg', 'Black', 0, 1, '2025-09-08 15:15:05'),
(11, '(Oral-B®) 3D White Power Toothbrush Polish Stains Away with 14,000 Strokes Per Minute ออรัลบี แปรงสี', 'Oral-B-3D-White-Power-Toothbrush-Polish-Stains-Awa', '69055837444', 'แพ็ค', 'images/069055837443.Photo.045843.jpg', 'Blue', 0, 1, '2025-09-08 15:15:05'),
(12, '(Oral-B®) 3D White Power Toothbrush Polish Stains Away with 14,000 Strokes Per Minute ออรัลบี แปรงสี', 'Oral-B-3D-White-Power-Toothbrush-Polish-Stains-Awa', '69055837444', 'แพ็ค', 'images/069055837443.Photo.045843.jpg', 'Pink', 0, 1, '2025-09-08 15:15:05'),
(13, '(Oral-B®) 3D White Power Toothbrush Polish Stains Away with 14,000 Strokes Per Minute ออรัลบี แปรงสี', 'Oral-B-3D-White-Power-Toothbrush-Polish-Stains-Awa', '69055837444', 'แพ็ค', 'images/069055837443.Photo.045843.jpg', 'Green', 0, 1, '2025-09-08 15:15:05'),
(15, '(Oral-B®) 3D White Power Toothbrush Polish Stains Away with 14,000 Strokes Per Minute ออรัลบี แปรงสี', 'oral-b-3d-white-power-toothbrush-polish-stains-awa', '69055837444', 'แพ็ค', 'images/069055837443.Photo.045843.jpg', 'black', 0, 1, '2025-09-08 15:16:48'),
(16, '(Oral-B®) 3D White Power Toothbrush Polish Stains Away with 14,000 Strokes Per Minute ออรัลบี แปรงสี', 'oral-b-3d-white-power-toothbrush-polish-stains-awa', '69055837444', 'แพ็ค', 'images/069055837443.Photo.045843.jpg', 'blue', 0, 1, '2025-09-08 15:16:48'),
(17, '(Oral-B®) 3D White Power Toothbrush Polish Stains Away with 14,000 Strokes Per Minute ออรัลบี แปรงสี', 'oral-b-3d-white-power-toothbrush-polish-stains-awa', '69055837444', 'แพ็ค', 'images/069055837443.Photo.045843.jpg', 'pink', 0, 1, '2025-09-08 15:16:48'),
(18, '(Oral-B®) 3D White Power Toothbrush Polish Stains Away with 14,000 Strokes Per Minute ออรัลบี แปรงสี', 'oral-b-3d-white-power-toothbrush-polish-stains-awa', '69055837444', 'แพ็ค', 'images/069055837443.Photo.045843.jpg', 'green', 0, 1, '2025-09-08 15:16:48'),
(23, '(Oral-B®) 3D White Power Toothbrush Polish Stains Away with 14,000 Strokes Per Minute ออรัลบี แปรงสี', 'oral-b-3d-white-power-toothbrush-polish-stains-awa', '69055837445', 'แพ็ค', 'images/069055837443.Photo.045843.jpg', 'black', 0, 1, '2025-09-08 15:31:25'),
(24, '(Oral-B®) 3D White Power Toothbrush Polish Stains Away with 14,000 Strokes Per Minute ออรัลบี แปรงสี', 'oral-b-3d-white-power-toothbrush-polish-stains-awa', '69055837445', 'แพ็ค', 'images/069055837443.Photo.045843.jpg', 'blue', 0, 1, '2025-09-08 15:31:25'),
(25, '(Oral-B®) 3D White Power Toothbrush Polish Stains Away with 14,000 Strokes Per Minute ออรัลบี แปรงสี', 'oral-b-3d-white-power-toothbrush-polish-stains-awa', '69055837445', 'แพ็ค', 'images/069055837443.Photo.045843.jpg', 'pink', 0, 1, '2025-09-08 15:31:25'),
(26, '(Oral-B®) 3D White Power Toothbrush Polish Stains Away with 14,000 Strokes Per Minute ออรัลบี แปรงสี', 'oral-b-3d-white-power-toothbrush-polish-stains-awa', '69055837445', 'แพ็ค', 'images/069055837443.Photo.045843.jpg', 'green', 0, 1, '2025-09-08 15:31:25'),
(27, '(Oral-B®) 3D White Power Toothbrush Polish Stains Away with 14,000 Strokes Per Minute ออรัลบี แปรงสี', 'oral-b-3d-white-power-toothbrush-polish-stains-awa', '69055837446', 'แพ็ค', 'images/069055837443.Photo.045843.jpg', '', 2, 1, '2025-09-08 15:33:41'),
(28, '(Oral-B®) 3D White Power Toothbrush Polish Stains Away with 14,000 Strokes Per Minute ออรัลบี แปรงสี', 'oral-b-3d-white-power-toothbrush-polish-stains-awa', '69055837446', 'แพ็ค', 'images/069055837443.Photo.045843.jpg', '', 5, 1, '2025-09-08 15:33:41');

-- --------------------------------------------------------

--
-- Table structure for table `product_location`
--

CREATE TABLE `product_location` (
  `id` int(11) NOT NULL,
  `product_id` int(11) NOT NULL,
  `location_id` int(11) NOT NULL,
  `created_at` timestamp NOT NULL DEFAULT current_timestamp(),
  `updated_at` timestamp NOT NULL DEFAULT current_timestamp() ON UPDATE current_timestamp()
) ENGINE=InnoDB DEFAULT CHARSET=utf8mb4 COLLATE=utf8mb4_general_ci;

--
-- Dumping data for table `product_location`
--

INSERT INTO `product_location` (`id`, `product_id`, `location_id`, `created_at`, `updated_at`) VALUES
(6, 10, 2986, '2025-09-08 08:15:05', '2025-09-08 08:15:05'),
(7, 11, 2986, '2025-09-08 08:15:05', '2025-09-08 08:15:05'),
(8, 12, 2986, '2025-09-08 08:15:05', '2025-09-08 08:15:05'),
(9, 13, 2986, '2025-09-08 08:15:05', '2025-09-08 08:15:05'),
(10, 15, 2986, '2025-09-08 08:16:48', '2025-09-08 08:16:48'),
(11, 16, 2986, '2025-09-08 08:16:48', '2025-09-08 08:16:48'),
(12, 17, 2986, '2025-09-08 08:16:48', '2025-09-08 08:16:48'),
(13, 18, 2986, '2025-09-08 08:16:48', '2025-09-08 08:16:48'),
(14, 23, 2986, '2025-09-08 08:31:25', '2025-09-08 08:31:25'),
(15, 24, 2986, '2025-09-08 08:31:25', '2025-09-08 08:31:25'),
(16, 25, 2986, '2025-09-08 08:31:25', '2025-09-08 08:31:25'),
(17, 26, 2986, '2025-09-08 08:31:25', '2025-09-08 08:31:25'),
(18, 27, 2986, '2025-09-08 08:33:41', '2025-09-08 08:33:41'),
(19, 28, 2986, '2025-09-08 08:33:41', '2025-09-08 08:33:41');

-- --------------------------------------------------------

--
-- Table structure for table `purchase_orders`
--

CREATE TABLE `purchase_orders` (
  `po_id` int(11) NOT NULL,
  `po_number` varchar(20) DEFAULT NULL,
  `supplier_id` int(11) DEFAULT NULL COMMENT 'ลูกค้า',
  `order_date` datetime DEFAULT NULL,
  `total_amount` decimal(12,2) DEFAULT NULL,
  `ordered_by` int(11) DEFAULT NULL COMMENT 'ผู้บันทึก',
  `status` enum('pending','partial','completed','cancel') DEFAULT NULL,
  `remark` text DEFAULT NULL,
  `created_at` datetime NOT NULL DEFAULT current_timestamp() ON UPDATE current_timestamp()
) ENGINE=InnoDB DEFAULT CHARSET=utf8mb4 COLLATE=utf8mb4_general_ci;

--
-- Dumping data for table `purchase_orders`
--

INSERT INTO `purchase_orders` (`po_id`, `po_number`, `supplier_id`, `order_date`, `total_amount`, `ordered_by`, `status`, `remark`, `created_at`) VALUES
(6, 'PO20250908001', 1, '2025-09-08 15:15:05', 294.00, 1, 'pending', 'imported from excel', '2025-09-08 15:15:05'),
(8, 'PO20250908002', 1, '2025-09-08 15:16:48', 294.00, 1, 'pending', 'imported from excel', '2025-09-08 15:16:48'),
(19, 'PO20250908003', 1, '2025-09-08 15:27:10', 294.00, 1, 'pending', 'imported from excel', '2025-09-08 15:27:10'),
(20, 'PO20250908004', 1, '2025-09-08 15:27:18', 294.00, 1, 'pending', 'imported from excel', '2025-09-08 15:27:18'),
(21, 'PO20250908005', 1, '2025-09-08 15:31:25', 196.00, 1, 'pending', 'imported from excel', '2025-09-08 15:31:25'),
(22, 'PO20250908006', 1, '2025-09-08 15:32:02', 196.00, 1, 'pending', 'imported from excel', '2025-09-08 15:32:02'),
(23, 'PO20250908007', 1, '2025-09-08 15:33:41', 196.00, 1, 'pending', 'imported from excel', '2025-09-08 15:33:41');

-- --------------------------------------------------------

--
-- Table structure for table `purchase_order_items`
--

CREATE TABLE `purchase_order_items` (
  `item_id` int(11) NOT NULL,
  `po_id` int(11) DEFAULT NULL,
  `product_id` int(11) DEFAULT NULL,
  `qty` decimal(10,2) DEFAULT NULL,
  `price_per_unit` decimal(10,2) DEFAULT NULL,
  `sale_price` decimal(10,2) NOT NULL,
  `total` decimal(12,2) DEFAULT NULL,
  `created_at` timestamp NOT NULL DEFAULT current_timestamp() ON UPDATE current_timestamp()
) ENGINE=InnoDB DEFAULT CHARSET=utf8mb4 COLLATE=utf8mb4_general_ci;

--
-- Dumping data for table `purchase_order_items`
--

INSERT INTO `purchase_order_items` (`item_id`, `po_id`, `product_id`, `qty`, `price_per_unit`, `sale_price`, `total`, `created_at`) VALUES
(6, 6, 10, 1.00, 98.00, 150.00, 98.00, '2025-09-08 08:15:05'),
(7, 6, 11, 0.00, 98.00, 150.00, 0.00, '2025-09-08 08:15:05'),
(8, 6, 12, 1.00, 98.00, 150.00, 98.00, '2025-09-08 08:15:05'),
(9, 6, 13, 1.00, 98.00, 150.00, 98.00, '2025-09-08 08:15:05'),
(10, 8, 15, 1.00, 98.00, 150.00, 98.00, '2025-09-08 08:16:48'),
(11, 8, 16, 0.00, 98.00, 150.00, 0.00, '2025-09-08 08:16:48'),
(12, 8, 17, 1.00, 98.00, 150.00, 98.00, '2025-09-08 08:16:48'),
(13, 8, 18, 1.00, 98.00, 150.00, 98.00, '2025-09-08 08:16:48'),
(14, 19, 15, 1.00, 98.00, 150.00, 98.00, '2025-09-08 08:27:10'),
(15, 19, 16, 0.00, 98.00, 150.00, 0.00, '2025-09-08 08:27:10'),
(16, 19, 17, 1.00, 98.00, 150.00, 98.00, '2025-09-08 08:27:10'),
(17, 19, 18, 1.00, 98.00, 150.00, 98.00, '2025-09-08 08:27:10'),
(18, 20, 15, 1.00, 98.00, 150.00, 98.00, '2025-09-08 08:27:18'),
(19, 20, 16, 0.00, 98.00, 150.00, 0.00, '2025-09-08 08:27:18'),
(20, 20, 17, 1.00, 98.00, 150.00, 98.00, '2025-09-08 08:27:18'),
(21, 20, 18, 1.00, 98.00, 150.00, 98.00, '2025-09-08 08:27:18'),
(22, 21, 23, 1.00, 98.00, 150.00, 98.00, '2025-09-08 08:31:25'),
(23, 21, 24, 0.00, 98.00, 150.00, 0.00, '2025-09-08 08:31:25'),
(24, 21, 25, 0.00, 98.00, 150.00, 0.00, '2025-09-08 08:31:25'),
(25, 21, 26, 1.00, 98.00, 150.00, 98.00, '2025-09-08 08:31:25'),
(26, 22, 23, 1.00, 98.00, 150.00, 98.00, '2025-09-08 08:32:02'),
(27, 22, 24, 0.00, 98.00, 150.00, 0.00, '2025-09-08 08:32:02'),
(28, 22, 25, 0.00, 98.00, 150.00, 0.00, '2025-09-08 08:32:02'),
(29, 22, 26, 1.00, 98.00, 150.00, 98.00, '2025-09-08 08:32:02'),
(30, 23, 27, 2.00, 98.00, 150.00, 196.00, '2025-09-08 08:33:41'),
(31, 23, 28, 0.00, 98.00, 150.00, 0.00, '2025-09-08 08:33:41');

-- --------------------------------------------------------

--
-- Table structure for table `receive_items`
--

CREATE TABLE `receive_items` (
  `receive_id` int(11) NOT NULL,
  `item_id` int(11) NOT NULL,
  `po_id` int(11) NOT NULL,
  `receive_qty` int(11) NOT NULL,
  `expiry_date` date DEFAULT NULL,
  `remark_color` varchar(50) DEFAULT NULL,
  `remark_split` varchar(50) DEFAULT NULL,
  `remark` text DEFAULT NULL,
  `created_by` int(11) DEFAULT NULL,
  `created_at` timestamp NULL DEFAULT current_timestamp()
) ENGINE=InnoDB DEFAULT CHARSET=utf8mb4 COLLATE=utf8mb4_general_ci;

--
-- Dumping data for table `receive_items`
--

INSERT INTO `receive_items` (`receive_id`, `item_id`, `po_id`, `receive_qty`, `expiry_date`, `remark_color`, `remark_split`, `remark`, `created_by`, `created_at`) VALUES
(5, 6, 6, 1, NULL, 'Black', '0', '', 1, '2025-09-08 08:15:05'),
(6, 7, 6, 0, NULL, 'Blue', '0', 'ฟ้าหมด', 1, '2025-09-08 08:15:05'),
(7, 8, 6, 1, NULL, 'Pink', '0', '', 1, '2025-09-08 08:15:05'),
(8, 9, 6, 1, NULL, 'Green', '0', '', 1, '2025-09-08 08:15:05'),
(9, 10, 8, 1, NULL, 'black', '0', '', 1, '2025-09-08 08:16:48'),
(10, 11, 8, 0, NULL, 'blue', '0', 'ฟ้าหมด', 1, '2025-09-08 08:16:48'),
(11, 12, 8, 1, NULL, 'pink', '0', '', 1, '2025-09-08 08:16:48'),
(12, 13, 8, 1, NULL, 'green', '0', '', 1, '2025-09-08 08:16:48'),
(13, 14, 19, 1, NULL, 'black', '0', '', 1, '2025-09-08 08:27:10'),
(14, 15, 19, 0, NULL, 'blue', '0', 'ฟ้าหมด', 1, '2025-09-08 08:27:10'),
(15, 16, 19, 1, NULL, 'pink', '0', '', 1, '2025-09-08 08:27:10'),
(16, 17, 19, 1, NULL, 'green', '0', '', 1, '2025-09-08 08:27:10'),
(17, 18, 20, 1, NULL, 'black', '0', '', 1, '2025-09-08 08:27:18'),
(18, 19, 20, 0, NULL, 'blue', '0', 'ฟ้าหมด', 1, '2025-09-08 08:27:18'),
(19, 20, 20, 1, NULL, 'pink', '0', '', 1, '2025-09-08 08:27:18'),
(20, 21, 20, 1, NULL, 'green', '0', '', 1, '2025-09-08 08:27:18'),
(21, 22, 21, 1, NULL, 'black', '0', '', 1, '2025-09-08 08:31:25'),
(22, 23, 21, 0, NULL, 'blue', '0', 'ฟ้าหมด', 1, '2025-09-08 08:31:25'),
(23, 24, 21, 0, NULL, 'pink', '0', 'ฟ้าหมด', 1, '2025-09-08 08:31:25'),
(24, 25, 21, 1, NULL, 'green', '0', '', 1, '2025-09-08 08:31:25'),
(25, 26, 22, 1, NULL, 'black', '0', '', 1, '2025-09-08 08:32:02'),
(26, 27, 22, 0, NULL, 'blue', '0', 'ฟ้าหมด', 1, '2025-09-08 08:32:02'),
(27, 28, 22, 0, NULL, 'pink', '0', 'ฟ้าหมด', 1, '2025-09-08 08:32:02'),
(28, 29, 22, 1, NULL, 'green', '0', '', 1, '2025-09-08 08:32:02'),
(29, 30, 23, 2, NULL, '', '2', '', 1, '2025-09-08 08:33:41'),
(30, 31, 23, 0, NULL, '', '5', 'หมด', 1, '2025-09-08 08:33:41');

-- --------------------------------------------------------

--
-- Table structure for table `roles`
--

CREATE TABLE `roles` (
  `id` int(11) NOT NULL,
  `name` varchar(50) NOT NULL
) ENGINE=InnoDB DEFAULT CHARSET=utf8mb4 COLLATE=utf8mb4_unicode_ci;

--
-- Dumping data for table `roles`
--

INSERT INTO `roles` (`id`, `name`) VALUES
(3, 'admin'),
(2, 'manager'),
(1, 'staff');

-- --------------------------------------------------------

--
-- Table structure for table `role_menu_permissions`
--

CREATE TABLE `role_menu_permissions` (
  `role_id` int(11) NOT NULL,
  `menu_id` int(11) NOT NULL,
  `can_view` tinyint(1) DEFAULT 0,
  `can_add` tinyint(1) DEFAULT 0,
  `can_edit` tinyint(1) DEFAULT 0,
  `can_delete` tinyint(1) DEFAULT 0
) ENGINE=InnoDB DEFAULT CHARSET=utf8mb4 COLLATE=utf8mb4_unicode_ci;

-- --------------------------------------------------------

--
-- Table structure for table `suppliers`
--

CREATE TABLE `suppliers` (
  `supplier_id` int(11) NOT NULL,
  `name` varchar(100) NOT NULL,
  `phone` varchar(30) DEFAULT NULL,
  `email` varchar(100) DEFAULT NULL,
  `address` text DEFAULT NULL
) ENGINE=InnoDB DEFAULT CHARSET=utf8mb4 COLLATE=utf8mb4_unicode_ci;

--
-- Dumping data for table `suppliers`
--

INSERT INTO `suppliers` (`supplier_id`, `name`, `phone`, `email`, `address`) VALUES
(1, 'sdfsdf', '26423148946', 'sdfsdfdsfsa@sdfsdf0.com', 'sdfsdfsdf'),
(2, 'test2', '59642389', 'adfsdffg@sdfsd.com', 'sdfsdffdgsdfgdfgsdf'),
(3, 'test3', '5656', 'sdfsdfssf@sfdsd.com', 'sdfsdfdsf'),
(4, 'test4', '25487987456', 'asdfasdf@xcsdfas.com', 'agadsgsafsdfasdfsad'),
(5, 'test5', '2548945645', 'sadfasdf@sdf.com', 'sdfadsfasdfsdagadfrg'),
(6, 'test6', '020021654', 'asdfasdf@dsafd.com', 'adsfadsfwertdgfasdfasdf'),
(7, 'test7', '0587774555', 'sadfasdf@sdfsd.com', 'fsdgsdgiopdsjgl,sfdmgklsdf'),
(8, 'test 8', '05498756465', 'dsfasdfd@asdfadsf.com', 'asdfasdflkvnlm,nfgkll'),
(9, 'ผู้ขาย 1', '0255748646', 'adsfadsfs@fdgdf.com', 'asdfasdfpok;lskflds');

-- --------------------------------------------------------

--
-- Table structure for table `users`
--

CREATE TABLE `users` (
  `user_id` int(11) NOT NULL,
  `name` varchar(100) NOT NULL,
  `email` varchar(100) NOT NULL,
  `password` varchar(255) NOT NULL,
  `department` varchar(50) DEFAULT NULL,
  `role` enum('staff','manager','admin') DEFAULT 'staff',
  `is_approved` tinyint(1) DEFAULT 0,
  `status` enum('pending','approved','rejected') DEFAULT 'pending',
  `created_at` datetime DEFAULT current_timestamp(),
  `require_password_change` tinyint(1) DEFAULT 0
) ENGINE=InnoDB DEFAULT CHARSET=utf8mb4 COLLATE=utf8mb4_unicode_ci;

--
-- Dumping data for table `users`
--

INSERT INTO `users` (`user_id`, `name`, `email`, `password`, `department`, `role`, `is_approved`, `status`, `created_at`, `require_password_change`) VALUES
(1, 'Admin Demo', 'admin@ichoicepms.com', '$2y$10$wX47BCVAdo3K89ZWLOOW2OLbXqoH9STNPw.BGaIgS7aXN5fyTfZAC', 'admin', 'admin', 1, 'approved', '2025-08-25 19:59:13', 0),
(2, 'stock_1', 'stock@ichoicepms.com', '$2y$10$B26ng8aOPPMMXyGLMabNX.wiPMJSBqTmGO20sJKTEPDMXytNRwDLW', 'คลังสินค้า', 'staff', 1, 'approved', '2025-08-25 21:38:53', 0),
(3, 'stock_1', 'stock2@ichoicepms.com', '$2y$10$IZrXwt/pM/vilNmfvp8GkONEc3qlgG5TXz7bn9mfkASEJiKR6hwk2', 'คลังสินค้า', 'staff', 1, 'pending', '2025-08-25 21:38:53', 1);

--
-- Indexes for dumped tables
--

--
-- Indexes for table `issue_items`
--
ALTER TABLE `issue_items`
  ADD PRIMARY KEY (`issue_id`),
  ADD KEY `fk_issue_product` (`product_id`),
  ADD KEY `fk_issue_receive` (`receive_id`),
  ADD KEY `fk_issue_user` (`issued_by`);

--
-- Indexes for table `locations`
--
ALTER TABLE `locations`
  ADD PRIMARY KEY (`location_id`);

--
-- Indexes for table `menus`
--
ALTER TABLE `menus`
  ADD PRIMARY KEY (`id`),
  ADD UNIQUE KEY `menu_name` (`menu_name`);

--
-- Indexes for table `password_reset_requests`
--
ALTER TABLE `password_reset_requests`
  ADD PRIMARY KEY (`id`);

--
-- Indexes for table `products`
--
ALTER TABLE `products`
  ADD PRIMARY KEY (`product_id`),
  ADD UNIQUE KEY `product_uniqueness` (`sku`,`barcode`,`remark_color`,`remark_split`);

--
-- Indexes for table `product_location`
--
ALTER TABLE `product_location`
  ADD PRIMARY KEY (`id`),
  ADD KEY `fk_product_location_product` (`product_id`),
  ADD KEY `fk_product_location_location` (`location_id`);

--
-- Indexes for table `purchase_orders`
--
ALTER TABLE `purchase_orders`
  ADD PRIMARY KEY (`po_id`),
  ADD UNIQUE KEY `po_number` (`po_number`);

--
-- Indexes for table `purchase_order_items`
--
ALTER TABLE `purchase_order_items`
  ADD PRIMARY KEY (`item_id`);

--
-- Indexes for table `receive_items`
--
ALTER TABLE `receive_items`
  ADD PRIMARY KEY (`receive_id`),
  ADD KEY `fk_receive_poi` (`item_id`),
  ADD KEY `fk_receive_po` (`po_id`);

--
-- Indexes for table `roles`
--
ALTER TABLE `roles`
  ADD PRIMARY KEY (`id`),
  ADD UNIQUE KEY `name` (`name`);

--
-- Indexes for table `role_menu_permissions`
--
ALTER TABLE `role_menu_permissions`
  ADD PRIMARY KEY (`role_id`,`menu_id`),
  ADD KEY `menu_id` (`menu_id`);

--
-- Indexes for table `suppliers`
--
ALTER TABLE `suppliers`
  ADD PRIMARY KEY (`supplier_id`);

--
-- Indexes for table `users`
--
ALTER TABLE `users`
  ADD PRIMARY KEY (`user_id`),
  ADD UNIQUE KEY `email` (`email`);

--
-- AUTO_INCREMENT for dumped tables
--

--
-- AUTO_INCREMENT for table `issue_items`
--
ALTER TABLE `issue_items`
  MODIFY `issue_id` int(11) NOT NULL AUTO_INCREMENT;

--
-- AUTO_INCREMENT for table `locations`
--
ALTER TABLE `locations`
  MODIFY `location_id` int(11) NOT NULL AUTO_INCREMENT, AUTO_INCREMENT=3806;

--
-- AUTO_INCREMENT for table `menus`
--
ALTER TABLE `menus`
  MODIFY `id` int(11) NOT NULL AUTO_INCREMENT, AUTO_INCREMENT=5;

--
-- AUTO_INCREMENT for table `password_reset_requests`
--
ALTER TABLE `password_reset_requests`
  MODIFY `id` int(11) NOT NULL AUTO_INCREMENT, AUTO_INCREMENT=4;

--
-- AUTO_INCREMENT for table `products`
--
ALTER TABLE `products`
  MODIFY `product_id` int(11) NOT NULL AUTO_INCREMENT, AUTO_INCREMENT=29;

--
-- AUTO_INCREMENT for table `product_location`
--
ALTER TABLE `product_location`
  MODIFY `id` int(11) NOT NULL AUTO_INCREMENT, AUTO_INCREMENT=20;

--
-- AUTO_INCREMENT for table `purchase_orders`
--
ALTER TABLE `purchase_orders`
  MODIFY `po_id` int(11) NOT NULL AUTO_INCREMENT, AUTO_INCREMENT=24;

--
-- AUTO_INCREMENT for table `purchase_order_items`
--
ALTER TABLE `purchase_order_items`
  MODIFY `item_id` int(11) NOT NULL AUTO_INCREMENT, AUTO_INCREMENT=32;

--
-- AUTO_INCREMENT for table `receive_items`
--
ALTER TABLE `receive_items`
  MODIFY `receive_id` int(11) NOT NULL AUTO_INCREMENT, AUTO_INCREMENT=31;

--
-- AUTO_INCREMENT for table `roles`
--
ALTER TABLE `roles`
  MODIFY `id` int(11) NOT NULL AUTO_INCREMENT, AUTO_INCREMENT=4;

--
-- AUTO_INCREMENT for table `suppliers`
--
ALTER TABLE `suppliers`
  MODIFY `supplier_id` int(11) NOT NULL AUTO_INCREMENT, AUTO_INCREMENT=10;

--
-- AUTO_INCREMENT for table `users`
--
ALTER TABLE `users`
  MODIFY `user_id` int(11) NOT NULL AUTO_INCREMENT, AUTO_INCREMENT=4;

--
-- Constraints for dumped tables
--

--
-- Constraints for table `issue_items`
--
ALTER TABLE `issue_items`
  ADD CONSTRAINT `fk_issue_product` FOREIGN KEY (`product_id`) REFERENCES `products` (`product_id`),
  ADD CONSTRAINT `fk_issue_receive` FOREIGN KEY (`receive_id`) REFERENCES `receive_items` (`receive_id`),
  ADD CONSTRAINT `fk_issue_user` FOREIGN KEY (`issued_by`) REFERENCES `users` (`user_id`);

--
-- Constraints for table `product_location`
--
ALTER TABLE `product_location`
  ADD CONSTRAINT `fk_product_location_location` FOREIGN KEY (`location_id`) REFERENCES `locations` (`location_id`) ON DELETE CASCADE,
  ADD CONSTRAINT `fk_product_location_product` FOREIGN KEY (`product_id`) REFERENCES `products` (`product_id`) ON DELETE CASCADE;

--
-- Constraints for table `receive_items`
--
ALTER TABLE `receive_items`
  ADD CONSTRAINT `fk_receive_po` FOREIGN KEY (`po_id`) REFERENCES `purchase_orders` (`po_id`),
  ADD CONSTRAINT `fk_receive_poi` FOREIGN KEY (`item_id`) REFERENCES `purchase_order_items` (`item_id`);

--
-- Constraints for table `role_menu_permissions`
--
ALTER TABLE `role_menu_permissions`
  ADD CONSTRAINT `role_menu_permissions_ibfk_1` FOREIGN KEY (`role_id`) REFERENCES `roles` (`id`),
  ADD CONSTRAINT `role_menu_permissions_ibfk_2` FOREIGN KEY (`menu_id`) REFERENCES `menus` (`id`);
COMMIT;

/*!40101 SET CHARACTER_SET_CLIENT=@OLD_CHARACTER_SET_CLIENT */;
/*!40101 SET CHARACTER_SET_RESULTS=@OLD_CHARACTER_SET_RESULTS */;
/*!40101 SET COLLATION_CONNECTION=@OLD_COLLATION_CONNECTION */;
